0,1,2,3,4,5,6,7,8,9,10,11,12,13,14,15,16,17,18,19
-1.9526444985189921,7.67880455909843,5.125915125645738,0.4258656950023665,-5.796936137264197,-7.351234245093825,-8.93196394537518,8.649319563040894,0.7351366662799257,2.7643333708079174,-10.171909440429957,10.436575894259203,5.1295067405315935,-8.585373384545045,-6.814659514266986,-5.780169003020403,-2.714893391070416,0.031967270559358274,-1.7725262342736876,-3.0215164617834143
-6.5706265096052485,-0.47759949444801514,-8.708516337151435,9.5879083881278,-6.0332592326203835,2.684508556187235,-3.8414495508688438,1.9389117425905598,0.2758228689251475,-6.897414585438466,9.869833130846981,4.9254277415117205,8.9425047141814,6.3450095875848485,4.172329518778299,7.089775470152931,-8.551902662951818,-6.11282378745919,-7.182766087432444,-4.818239165667453
3.404567717434036,-7.93408751742695,-4.801447296317621,-5.411903340263638,0.30754515838301844,7.243843207680159,-6.559701602180076,0.030737061874997473,1.0944292635498885,-8.688338194122554,3.2758295833320075,-8.33228950013521,-8.289529609652158,8.70103897334752,9.426035053457877,6.626940964003512,-4.095927055305408,-8.150144573278101,3.4707853626884986,-0.22663392341969169
2.6558178545750866,-6.989539249221802,-5.42805875038792,-3.0513428773393203,0.02006884467989367,5.741215800984196,-5.346992887243667,2.0512005685998664,2.8868974464496664,-8.977833407900302,1.6399078678330392,-9.143067122310068,-8.867353062767263,8.651698249249817,9.703006855886564,6.0140417353545335,-4.228109675969381,-9.825956650379542,2.744692701093071,-0.7202990844074155
-7.321063996964795,-0.9372336876732213,-9.09159877338847,7.834320294121762,-4.49964212846612,3.831013374115255,-2.556547830987842,0.37707392788619043,2.573166114465426,-5.394888226953268,8.684253010478985,7.712512132970755,9.11697334455388,7.06142250458074,3.610912627452124,10.515262285660778,-8.26317522268117,-6.583993011992692,-9.267829179242902,-2.778661657217013
1.6552758610555358,-8.384002751368136,-4.355044758280319,-0.6048567959626139,-2.7102825628653067,4.652209316220929,-4.509092673653179,2.1423911118099648,1.7448601529505658,-10.310044448126687,4.246740539837925,-4.995075134504973,-8.020021152532177,8.165308396129246,9.263611320653151,6.00758688128439,-3.576873311917009,-6.595556281740985,4.56407757138054,-2.2743262021927313
2.268817351029041,-7.134449246345777,-4.5894022084029675,-1.4000484001549012,-2.0480809448622974,4.982549119390376,-3.22656073260925,-0.7533025867169973,0.49453670253109117,-8.336515000598828,0.07377718425489244,-6.824791436226609,-6.553143215217921,7.432774822913266,7.330676175752474,4.668765760371523,-3.009365048185601,-6.92178099988651,3.1720717332646284,-0.5137377212069042
-1.7671022510434433,9.313578708604814,5.9416201256268995,3.534680880667585,-6.8476230420855035,-7.63352746362213,-8.378355613696893,6.645807545746597,4.035687482390799,4.297986887003646,-9.95363166539606,9.582877349104795,5.301726526478739,-6.724831824945128,-5.163086747913562,-6.988804081902719,-4.962066123491185,1.0317813851720434,-0.17539547249468823,-3.4564638853740943
-9.353378814303024,0.44330271505374574,-9.638765430230203,7.0154831477681885,-4.622016997400967,1.6934946003731624,-3.7260646564921456,-1.0215164842553381,1.395477671183424,-7.227268223119834,8.940698538261863,5.796605855165454,8.017436719441546,7.838583008884672,0.44416907497684877,9.06836030405849,-6.465236153410839,-3.2881338837071343,-9.0042860751228,-2.705189243937526
2.3442658564877235,-7.528969142453894,-3.5306723568416927,-2.7526715867887157,-0.6735249764246507,4.08013669791903,-4.118087417218549,0.12044678324020067,2.545878347580049,-9.907083415819672,2.4589069402461075,-7.892362289778915,-8.246900302034739,8.621736660680833,9.341831165426754,6.865920992459319,-5.140264927752867,-8.731049450485118,4.141984811329903,0.9012713493387738
0.8636550054778407,-6.690220647430411,-2.2882891887517838,-2.2530575257689,-0.6020188100682318,5.712075308684622,-7.577405813958718,1.6402617039825806,1.237433737435784,-8.566508489217028,0.5878627314575129,-7.76897719076195,-7.263880741072175,8.630408456108823,10.765916137533733,6.089716303270704,-5.749622389490444,-7.1544901201406015,3.0947682124875295,-0.4982613116909296
-3.0597344725443336,7.793573702284163,4.13173863858079,1.8253893651232604,-7.332875600174283,-5.427642058805201,-8.51158299203369,7.623997275109532,2.6445073789075777,3.0226184381401398,-8.549198326663682,9.322432756704426,7.319333433249648,-6.825075019474633,-7.917259421874052,-5.514020144906295,-3.538745614711729,-0.4069229217127531,-2.23076270843238,-3.049982411624392
2.2531826823480623,-7.066816481959159,-4.673012342427977,-3.5981553917691222,-2.6340382129699904,5.008369869783401,-5.533378903565019,-0.4182226697673349,1.61048433981491,-8.604560458187729,2.671586534451435,-7.669050378420209,-7.701908783840768,10.10506083442215,8.182790804272628,5.344110092688068,-2.716633933386395,-8.193411241127622,1.4648825827912866,-2.596631629940659
2.346629474525448,-7.626561220207188,-4.155130184539826,-1.139889778489854,-2.2236147995899493,4.842469555694698,-4.629343420328245,1.3047252751743224,1.4851597304237718,-8.216589744479325,2.4921128805207995,-5.089242917253182,-8.624458546467636,10.003342858939249,11.954652571983807,6.766046117376687,-3.858396450737743,-7.3241107346513425,3.3193796720392523,1.191017580316759
3.767392458802001,-7.988217572791877,-2.985296886021792,-1.1746655006383817,-1.6947553046873245,4.2484646227697205,-5.704563456661041,-0.26271875449464044,3.7168945964038524,-9.036184205100213,1.348697629993587,-7.736677037265881,-7.609063181203579,8.40652677098248,9.356469460951615,7.123749707441702,-4.391982968463417,-8.092486548612483,3.668092120420617,-0.5136256136918812
-5.575531167625672,0.6607150233274263,-8.895134253272387,7.2017743545576876,-4.253259125961588,2.5269590646598403,-2.499117225013368,-0.5697016055515168,0.821047092409509,-6.85818397750263,8.404169592864177,6.243976284130206,9.325437578693416,9.105557207453973,0.178124468013535,9.50165540280338,-5.724701053604716,-6.531983840794043,-7.20030560968027,-3.756554656794539
-8.320995673787069,-0.39615785443891055,-7.736353768193663,8.138608791190853,-5.5511745058335045,2.372828330216735,-3.4330591486265924,-0.9317875849209927,0.6868696229691749,-5.969680354499437,10.69084237583884,6.170204547592287,8.075913713301604,9.074966326116694,1.6584845386742249,7.201781678412926,-8.402191318227082,-4.6421735504713935,-8.930214171724314,-3.4808715204049263
-6.681687749653003,0.2552005571994627,-8.743584961682862,8.569329751632905,-3.1979696333908025,3.4864887509040106,-4.1518012760824785,-0.5143946175773443,1.1838150450753049,-8.743614904264543,9.20740355345846,5.296816607300947,7.425507977666502,6.968281169896979,2.7676571063699438,8.668196449537298,-8.128361625254282,-5.773995217685073,-9.002826633840316,-2.2505308218763984
-4.37893932274817,8.625765353015312,4.8303027261531595,2.4223884052257665,-7.389433884342153,-6.845668581570106,-11.326655110049,6.665274503164855,2.475808947418643,3.1791575216662293,-9.529325892494354,9.845069544042584,6.306303615150671,-5.582754015437906,-7.3262332211426,-6.53852108262737,-3.304938971220023,0.6521015936131915,-1.9476308967216207,-3.9512007917483682
-2.881404399123803,10.103034747902507,6.52446514216271,3.516413212212921,-7.3684766129375445,-7.999727026564958,-8.697441509724806,5.555083549935851,2.345467949048957,4.013848969622241,-10.054346615952193,7.80349397597309,7.162452922578153,-6.285918626096389,-7.533417491568276,-9.204172016212972,-3.942670045859882,2.2673802293145013,0.3001595873901848,-4.6325134526254335
-3.23880009286016,9.375703445471425,3.3467372924694536,2.545559995116408,-6.429023778288731,-8.749925932808111,-10.000111600548374,7.040384018754936,1.7214404877233493,2.951974620502104,-9.199331384731767,9.649670652180397,6.454583684029917,-6.50900928659284,-5.314793529441424,-4.676502689843028,-4.3987166246557825,-0.11703828451006348,-0.8698919617456888,-4.533446575786147
1.58252432344928,-9.259637303147489,-3.7835733458838683,-1.217328650210841,-1.4696187713927125,6.143579156883418,-7.574668670252857,0.7419018319647463,1.4549090794961927,-9.83340969620296,1.3905333968126359,-6.98312910828718,-8.316534824601874,7.665547543871148,8.915525329923334,6.126475184330074,-5.006763841064446,-6.249892518197305,2.831165050181796,-1.8663870388414634
-6.409747939094055,-1.6708035155065593,-8.904539840858455,8.767407581537334,-6.883560851691982,4.048947024986861,-2.8891725983696013,0.08957485030019152,2.186551949163601,-5.1664553151646135,9.494810481008377,5.051211076897357,7.817150938700825,7.858983499186784,2.527758495925881,8.113307839421694,-10.42765096422364,-4.8116288570405255,-8.905230999944346,-3.8730178814115463
-6.474734772813498,-0.12165048130407577,-8.684549159821158,9.851049863541917,-4.560644783177086,2.6916461150172997,-3.2985262630289904,-0.14293572275807565,0.4297829035684235,-7.822803689108444,10.317950046375564,5.116653891572851,8.972077077099645,6.860585079946336,2.3939472059371747,7.675543462327251,-8.371858680663435,-5.20251672037797,-8.30469490955671,-3.515423457251653
-5.9662712070770425,1.3687487057067846,-10.203773067550136,8.256112311004923,-5.475056989335856,2.9237981238910287,-1.7633510105669834,0.09378900644041704,1.2944316239430216,-5.761589595481181,8.391063182807931,4.647560992813086,7.5839564598756635,7.0105762746551985,-0.8920305330954799,8.982067101255963,-6.17595611770554,-5.932522012580568,-10.511723081129848,-4.1361697676346605
-5.5287097788735755,9.198135672952017,6.440390017738955,3.212116036880169,-6.6699677758766445,-7.371745778907994,-8.0312051599987,6.349976715794234,2.498658004220395,4.666921715087536,-8.528100206585071,12.157857082150963,7.041268783187203,-6.262181412141976,-6.389074968049982,-8.100985707820442,-4.6098682718983035,0.08584619453165326,-1.8851880250922777,-4.023062324005439
2.022907583736401,-6.372968300627779,-4.478266068001339,-4.258388840895758,0.2614675308358798,4.866429094245233,-6.065244783937435,0.731225275212944,2.0479017956436327,-7.976812198078569,2.6299001814215255,-7.450827105951278,-6.520405966302748,9.1720442084049,9.165300434869682,7.131872385384792,-3.6582736706025143,-7.647329526932994,6.176844528843825,-1.4720715534630198
-7.505337956071217,-1.4227239597237533,-8.754821020844446,8.818624355607493,-4.142061585940002,4.197022690653027,-3.161726833290157,-0.008668987982694554,0.8633687389495027,-6.2117860222360815,9.49939200439779,6.500874123194021,9.433647584306273,9.973890448122928,4.164468556106375,8.51713428307626,-12.066805507420979,-4.843510285489829,-9.635830560776293,-4.29487730656572
3.342958318804899,-7.774070275017406,-4.973324273837601,-2.5946200711565184,-0.016964191161336517,5.8425796265136904,-7.583520839023803,-0.5181356756786097,1.7743185136464719,-9.146657349925876,4.123439214818575,-7.975505468653168,-8.193378898458535,10.466823853394956,11.584090406913983,5.76354953914526,-3.416295163812387,-7.476797362673675,3.8801422617964283,-1.295795326447279
-1.9223405292524798,11.2047417540083,3.649342511097413,1.40687195433796,-6.7799758260636285,-7.383585247392146,-10.388991187702143,7.39208589030473,0.9599965211380708,4.635043986556091,-10.507734348317754,10.948131448257426,5.8655995236721985,-6.075279302640152,-5.549983438488318,-7.562774119365279,-3.6876952062051163,1.8022713869271854,-2.9685828617189127,-3.990783337506857
-2.56160207363022,10.718391644453813,5.886770551762821,1.9111656745747003,-5.928177914093183,-7.246616613643998,-10.542199343462729,6.399056927369148,3.5851890033723732,3.8874584740916047,-9.83169409345897,9.098358846965006,8.552989405581442,-4.127258871072414,-4.144720422409854,-6.490955013331375,-3.6195306520621506,-1.0215139167760339,0.11583479896058924,-5.343196747307096
2.2685494567095854,-6.52004911062255,-3.069396603137771,-1.9811445590047776,-0.6054818813656364,4.705306969348868,-6.009310467499707,-0.24840163374360058,1.5042274205366233,-9.445525896350295,1.1709714632465218,-8.54685611538816,-9.367111188622177,9.171090196990825,7.964463616063697,6.183629198800846,-2.007456192221622,-7.0235011646200824,5.328202039363667,-0.8058222482752468
-8.440669008331419,-0.006151998568161329,-8.147817837160362,9.112084799289512,-4.790066979430827,2.887946684197572,-2.8182665696362132,1.0760554013648362,0.315840566821463,-7.097804536491149,7.3193373735951734,5.656688308905879,8.707281086265384,9.032738383195518,2.317054669702069,9.771713894635026,-8.927514186877781,-4.942192420649477,-9.624370600893895,-2.7157973229424406
-7.253569734461828,-0.8277163665875532,-10.209888962970686,7.548920606750631,-5.1998078144836235,3.201615851145937,-3.530322683100666,-3.287004867872228,0.1265550291188281,-6.694480866845498,10.896754593899502,4.4226538588401585,8.952775449383696,9.391577318288812,0.6450310462744295,8.831459926326737,-9.03242179289613,-6.58497649390633,-9.898565055742553,-4.225250693150599
-7.147669583940141,-1.037864966776621,-8.191262554081254,8.991982744381817,-3.8485770307110982,3.259303390748536,-5.181302545125487,1.379232695767354,0.6638341877298017,-7.692691032682128,10.743731921265498,7.602063987724801,8.748730702304579,10.055668163156266,2.049314304833052,8.057028796295983,-8.860608413147087,-4.443260343624353,-9.875598103177012,-2.758124074759725
1.3433118753638755,-7.598087755866615,-4.333240532846615,-5.572277013994648,0.7927472597781957,4.802143547963098,-5.500788924360007,0.19798763212402382,3.1059104336002097,-8.664935623171964,1.915972766507792,-7.48303261877345,-7.901117438912271,7.1042694411120495,9.95853108176708,5.068902210774349,-2.6554409545759468,-7.885258177209627,4.328784298093246,-1.1149613113832537
2.3194996610824323,-7.5794415571173515,-5.736543328013235,-3.4906549762646715,-0.48739098842188666,6.285300998488635,-6.022747474428747,1.4415225493092214,2.245688400700084,-9.818447399558258,1.870394984617149,-7.992383683462025,-8.807107130685827,10.089811364288005,9.997930746202154,7.569956288248344,-4.21060986033158,-6.700457925358064,3.4913563037951674,0.2746349573619209
2.0468170500343743,-8.707569455564911,-2.7938780541633865,-2.976389207024167,-1.3674864347029718,7.2924595563043555,-7.248770890382035,-0.8408983457597365,0.7520710523722847,-9.138863127299526,2.582528667666364,-5.849842058136336,-6.126972822799441,6.7282782908659025,9.921376250615603,5.61081638975699,-4.494139765421361,-8.6663298481262,2.7758908594351643,0.48757470939547876
2.980709669987763,-7.41499945082388,-4.12571116376286,-1.0651848277266556,-0.8991608730097878,5.9927029009789985,-7.1854478481311315,0.06501931592127241,2.457817422449451,-10.626365479441287,2.351742131144476,-6.488726453609363,-8.657680684706971,10.014869643724909,9.647079176339709,7.646018860685666,-4.901314132126623,-7.910633152653974,3.7691273166330848,-2.2662046189630534
1.426057030818745,-8.324169237121156,-3.898445881440249,-2.4600233582685056,-0.09572658071070805,5.272393658285174,-5.59847150999605,0.8354863405458958,2.2930651850724444,-9.896645428402188,2.3002605202999553,-6.225377230199508,-8.691789673386468,6.891233086695582,9.473130285464666,8.380478001726463,-4.267763885289569,-8.774634817727643,4.058009089954536,-0.8845719147414013
2.758507293507119,-5.873153713403203,-4.23936072896709,-2.3663122711628253,-1.3163376380636052,5.885509110483071,-5.567038308824294,0.18637892081785654,0.04454089314835352,-8.73952084926915,2.5154585153842235,-7.269691002602121,-9.983355176366924,10.453589895570632,9.804086172385588,5.938865931407512,-5.044757499680074,-8.868372548293667,4.987250927029369,-1.0592881843399269
-7.988272551197089,-1.8012477035647108,-9.560183785023522,7.706439895426916,-5.3403813573487415,3.667318749669681,-3.1071465254212707,0.6335549281985439,1.9296207773150673,-5.727348963659094,9.09663636548553,5.039800181507911,9.10280106805063,8.470314118454876,3.3558438832532005,9.62865774540243,-8.77162296546878,-6.182349031744358,-8.424436416871469,-2.4253956066757407
2.881576386092881,-6.281877095614838,-4.653638764777606,-3.82625556011095,-0.6107566777929472,4.879984257234423,-6.524776995694008,1.60996485870927,2.6754068058066176,-8.913017433348593,0.8789780369160436,-6.378120958783511,-7.636310849506883,8.60207707930113,10.663754751477903,7.460692251847428,-2.243991784389113,-7.741314593340968,4.27205223004915,0.21723716312311692
-3.7094940301085266,8.679784892357373,4.164933525067145,1.31984045136702,-5.114172950870174,-6.475127882314991,-10.099211710971055,8.24138486255348,4.144456431876809,5.193916816472056,-11.107680080037964,8.913962970373635,7.915763965195058,-6.460887252053258,-5.919681227711759,-5.557275749501986,-4.842085612387328,0.43560327658295717,-4.602366967226757,-5.199804837373451
-0.7816544529520388,9.450609797872353,4.677882314396301,2.0932010106589933,-6.266109218420853,-7.902902158474352,-9.095704294059356,5.654938841621114,2.421523357469455,4.80864749562365,-10.071496576383325,10.97218380652992,5.423087153006095,-7.217592666644297,-6.139048837298016,-5.284811500319169,-2.231227449351377,0.03624436977581724,-0.28241879372638956,-4.213925665539868
3.0289172048356576,-7.780763217159276,-3.3046383858626864,-3.901946731926582,0.5735173835232799,5.717668492826031,-6.6029357648016855,-0.014493004155201938,2.657210646633569,-9.655447037450482,1.4015393486059888,-6.811054123837908,-9.875930253064379,10.798254653008481,8.746246070276463,6.999563748509625,-3.698254532884814,-9.03109177035429,3.678705821030408,-0.41294734589722504
-8.331427690908804,1.569141415911931,-9.687729617771202,8.885872288471345,-6.699407755471598,4.430434216769427,-2.713567322254722,0.4987945338535193,0.7072631207276686,-5.902910883875892,11.680483216171462,3.7394197683188057,9.57200621885791,6.984929706399073,1.9380811799219713,8.189604581383671,-8.658468216759365,-6.090807880669825,-10.22962536706703,-2.464212948606746
-8.78624938039296,-0.7763676945214277,-9.127266990353545,10.587991702605995,-5.68759008016649,5.29057957307656,-1.7613551745366096,0.30404927285462513,0.6360530606656927,-6.99497608815415,9.323490024958502,4.095937034662733,8.713739813963185,9.393427282403831,1.3469145137449847,8.196760396473284,-9.93129043322885,-5.706280663486052,-8.830972536837866,-3.4296910249689416
-1.8273061334264389,10.860993453934356,5.223807021554065,1.6138775931536724,-6.288972360458961,-5.771406012693038,-8.017845575438646,7.830796946606001,3.0889749244533293,5.330747146366582,-8.206151123046425,10.046906930829529,6.481734735691582,-5.606504100001154,-5.156991689349631,-7.14884547391856,-3.5464818319363443,0.10178982031739658,-1.3323548042228677,-2.8969653334318624
-3.2683302846064484,9.16467991467453,4.981634812005261,3.8493405231566182,-5.92920335296522,-7.45701324893835,-9.736742427984368,7.815442087005209,0.7020670278435335,5.992910321775263,-8.408869993362664,8.929021391135182,4.935718286917558,-4.399345412269064,-6.4780405011106055,-5.094093490957862,-5.509582799603613,-0.10424639030901561,-1.3558559274395021,-4.128436602274419
-7.361559736150179,-2.618066599236639,-8.883876663924184,8.578236749291744,-4.804279238418801,4.142146268149215,-4.438172062538283,0.7378602123771172,-0.6327537843017599,-5.895820506090627,11.344752250831068,4.50780011475475,8.030176699296007,7.186531565661423,2.0879978020232977,7.374448427608616,-7.80890258027063,-5.23350280614793,-8.561107008335455,-5.261808810372785
2.673033283947636,-9.742368872178847,-3.4750375392330057,-2.5465852304641987,-1.101075212437546,7.750381423579831,-6.681458375623358,-0.11838722079279823,3.8398446794455836,-9.903053050449902,1.6007817550922274,-6.7365429496850195,-7.858233658164861,9.18551325241998,8.020015314338924,5.635778399202032,-4.515079049744799,-8.123778765095368,4.110504188872967,-0.7787443693200009
1.7582993229259012,-6.850646989412037,-1.8080312425948795,-3.3888065704020063,-1.295225621274743,5.640396214749025,-5.610725508123059,0.5482395802270175,3.132387171188967,-11.497383816135253,-0.2360328321669063,-7.085395698264319,-7.6016679527507005,7.41206271346107,6.30500832179743,6.73912636854843,-3.6640673928298724,-9.136766126671752,2.6991209295222074,-2.1666938448426474
-1.212203076491641,8.99141806589944,3.640576603933191,1.4683947627125145,-6.039007164646717,-6.333376025074568,-9.077259855805705,6.956698503684016,1.6305420858203536,3.2390413714224064,-7.972934424614509,9.075876574028547,7.866011336833932,-4.231901734512025,-5.365189757710027,-6.763530115649372,-3.511425050472636,0.4709330262538411,-2.264801487887813,-3.8510579143175585
1.385517914668271,-7.203849630774744,-5.68864234453928,-1.5224957382278699,-1.0838843351555318,6.822069172115599,-6.533056043928848,-0.23888722013435038,1.0841045906030033,-8.194817813906969,1.4414658807002905,-5.9449220938389935,-9.0814205379637,7.001747445175047,8.742326593704721,4.988838747966373,-3.8738218928502492,-9.236965455546812,4.610635630957754,-1.2880259855610003
-6.63820946337343,-0.5761806945407324,-9.74486709402916,10.372138658298217,-5.070971422259236,3.9855778001337314,-3.7593969372484657,-1.4468981065221989,-1.1104234169356753,-6.881895109429363,10.447793806961162,6.2909481238582945,9.704055995507817,6.90950082961666,3.573872066344016,7.472591400275951,-8.01732556029164,-6.090695041524833,-9.269328042103826,-2.154801246439106
-6.935709504278565,1.7089550486451843,-10.510187540036295,7.759836788745069,-5.213803929525039,4.606251026511142,-3.800719978670413,-0.5059661358160493,1.492900869787412,-6.707549409530405,8.167305281933217,4.609883159946141,10.524020785706401,8.280756230202437,2.0657596316742453,8.187590964650289,-7.938001116842811,-5.800106805614601,-8.803285393581913,-3.3785482944569596
2.417128932143571,-7.483056107184676,-4.992796034315673,-1.5755429425197276,-0.011412902831541727,5.20616485644618,-5.430073011710383,-1.2238671999406239,2.033261952314006,-8.618235393523351,3.8582268475879893,-7.360336328982859,-9.977320769096734,8.082282784141624,7.976072161176267,7.504604320088204,-2.35908532150855,-7.726341141923493,4.905955475928286,-1.0629917446277377
2.34759321192153,-7.83643806314217,-3.663043110320117,-5.5273897970305566,-1.73545218078708,4.577465266949223,-6.262865035205298,-0.253358990217906,2.6461351571366163,-10.930328517260103,2.1963885143595183,-6.0311811030424645,-6.8423207037324545,8.495944773973191,9.637099265843704,4.364084169766857,-6.2996808208456105,-7.201783344090622,3.6791002365950667,-0.01843743540955023
-6.874784825467995,-0.5176606143875095,-8.335798200497564,7.054258900859636,-5.923316622727856,3.9378724422061446,-3.8543226927947933,-0.052530992596912074,1.8242633193410527,-6.910172303575544,9.191491300990803,6.90188441729345,10.329121177094432,9.468945218823302,1.6758737992877912,9.668187605446805,-9.179102786730288,-6.987245626339156,-11.4459100744136,-1.8205251828361828
2.215201147005466,-6.502891413154886,-2.6819946649857815,-2.8661907627073715,-0.6602113281151063,6.992382653066575,-6.1395275207628695,-1.0362035142339285,3.9912984318257596,-9.540756209937182,2.3096530889663094,-5.433510856803043,-9.30746204402561,7.969842831844536,9.56637795826602,4.374870564416832,-4.195630693400507,-7.801519055556915,3.4147086334179733,-2.7404010683937203
-6.851777592240042,0.6804698945802324,-7.704314516576474,9.539861689196846,-3.4778287053893653,4.694116006245879,-3.4743994933958344,0.43354551059305596,1.8070226700439274,-5.570829938056436,9.082626318552911,5.907479876030559,8.754882364499188,7.042614100092919,3.2484603175980524,8.492683942992423,-6.181441701262759,-7.705835021816928,-9.652232994632605,-3.460754548043841
-7.196231018298347,-1.8175393187350657,-9.67063315320852,6.961408152915592,-3.6478671142118966,2.666723553517039,-4.85152618899333,0.4311565886776407,0.29405113003098116,-4.819166979285752,8.656881657756982,4.10342820799766,6.637065315526267,7.86576050613956,1.396069462363776,7.0085800939506075,-7.040923497705824,-5.413097604187854,-9.12367210072647,-2.129067140563846
-0.37616424839648355,7.062198328675819,4.488093741192518,2.5614868904253085,-6.598635323416238,-7.50280911309654,-9.046450006993286,6.830521980839871,1.4329354779199641,5.011053652941934,-9.231294628118905,8.705287447979233,7.548452691441686,-5.445918265557868,-5.550638537019028,-5.702280961007712,-4.744150151731318,-0.06505240755221231,-0.6138060220344234,-3.565046930605696
-9.353427169653859,0.9866834148861381,-11.150748200967703,9.08452536569799,-5.192184894570717,3.952979001013496,-5.098226826106346,1.572528056262363,-0.530769159239296,-6.971365800342636,8.393597927522137,3.748371614399792,8.88450639887225,9.702636126389937,4.624904798541712,8.534640487548582,-7.113468683894087,-5.848248113688558,-8.596571027021026,-3.8355420358619514
-6.281378648073909,0.4740255330889772,-9.210506369223863,9.68441981188007,-5.137236841051184,4.281365025446547,-4.053841276563059,0.8323833815671093,0.8206430220751415,-6.35876307214227,9.014306037828963,6.847510498402985,8.057052793175247,7.156314756004267,4.078993142066812,9.415332265116666,-10.615263657654646,-6.645601490827499,-10.907443559351293,-4.4440840781499675
-2.225446599391249,8.026412787297572,3.793027870102737,3.222788589237399,-6.100278187245937,-6.919129112653491,-9.256237302401901,5.297715042387326,0.9514478161797368,6.072870643060632,-10.868765685086418,9.587676864460967,7.656296789203634,-7.008140454436769,-6.178790181076904,-5.393994265420669,-3.9026558189019953,3.3635316883115256,-3.0296988860358804,-3.1166886661552824
-0.6358998468352046,10.094334193912971,4.19255694056935,3.254186045675845,-6.811771680623867,-6.027335918153727,-8.353594939341535,6.47716626050783,1.3787504025467137,5.19141237350207,-9.923085446190491,8.99454857999789,5.693730236659083,-5.329618720841016,-4.300975736614843,-7.399442717185597,-3.8909356841364873,1.9073491880601865,-1.4407410184034004,-3.7230453997894273
-2.732399877687555,10.504149566800404,3.038974857751586,1.144672659160486,-6.9828819513003175,-8.523298404430115,-9.014182161068081,8.98499308122672,2.0431867231601375,4.392152461639593,-10.848474879256532,8.781835635200409,6.273656435684499,-6.070932883190711,-5.081856860854219,-5.774218742206199,-5.026613097746278,0.7416334110767622,-0.8628778786609,-3.035268157517895
-2.7326604083786012,9.728286622290414,5.113116460801646,1.9003407712838591,-7.726420909219675,-8.39495681796181,-9.284842708703032,8.179921709822175,2.2363939789943794,2.915712777208921,-9.415129188232768,9.783514422968723,5.764995379807303,-5.599492680488949,-6.305291937411988,-7.474880100761947,-3.5573677804609622,1.0559131590129915,-0.27804838398240816,-3.1216151440042585
3.831235850651602,-7.106584633009987,-2.725954911533896,-2.9327993843066107,-1.7586122973500444,5.9727001481154325,-6.222311483161025,-0.8930726897191255,3.3180756360283454,-9.693261968494042,0.31063065323319794,-5.2613514722968375,-9.203266156107032,8.369886852451042,7.547253074461214,7.908888448926212,-5.197205203742274,-7.988108239166672,4.597280852783578,-0.7752331922048761
3.193352896538936,-4.885449481106345,-4.174113103779468,-2.167742045852399,-0.7940818398439533,4.989934557953097,-7.827284634634822,-0.4210847148231326,0.4563329962891185,-7.366889667540927,2.035787344105527,-6.93543685530134,-7.809814315506603,7.855959642210778,8.545776623486635,6.236019231577842,-2.878955625109106,-7.544872674703534,3.9329856727590196,-1.1188323899719568
-1.4127283892418665,8.388608840702108,3.320631641629334,1.770189046545075,-7.679665755548917,-6.943634167891302,-7.600889621951871,6.866221260411913,1.9794768535526008,4.219474290729304,-8.739879231878666,7.151307709255281,6.042152521243139,-5.541934094155004,-5.163421699431126,-6.823812250437529,-5.79170784685112,1.1148400786108934,-1.9964620159833144,-5.365083855129523
2.969886976269335,-8.484354906035957,-3.1086243782450445,-2.1849883130418277,-1.6128336376303185,5.561989590522425,-4.408202549191772,1.0182365817780985,1.8570750321389977,-9.30867506256103,2.227506108480426,-7.101281084196473,-10.803717646013425,11.019888655601397,9.467965660690588,6.566094227451758,-3.9656323664094955,-8.78167452059691,3.498736049294367,-2.7963448874022845
1.8652000121689243,-7.938584408639506,-3.8375823585126816,-1.019145865633881,-0.7387130828201531,6.699637442771402,-7.396746281986268,0.44245020756600206,0.7509230582697832,-10.547916673131947,1.4115256305697301,-5.397618191840597,-7.748952311624764,9.220715467121066,7.779940101601256,5.971666310941284,-3.606024607630851,-7.871021490293724,1.8408669467623917,-2.0872679732278447
0.4610461403991877,-6.146181799398307,-3.9045381832990134,-1.2882310865322597,-0.43440198836860866,6.804842185596035,-5.539979045382679,1.6309145244749808,2.3705420132586283,-9.168906992042949,4.423331758475648,-5.700480403974278,-8.125223719289997,7.70140632852833,8.02433304402765,6.460662444471074,-3.762203418764346,-8.660680284880637,3.8256432298551974,0.3916768028356228
2.6765105849055804,-5.942162299856074,-4.181505596531793,-4.094992783632373,-0.03608641920427624,6.458477994002237,-7.948383016212212,0.28088463460143315,0.2581495465605519,-9.735642843102108,1.2480881110659667,-5.780252828012184,-8.582137966122225,7.692119744310639,10.19270662444853,4.7341411384008065,-3.577610826061643,-8.860568389163877,3.3189834477126174,-0.692679377169589
1.6428470220659233,-7.826266245008107,-5.19730574025111,-1.9739474638456898,0.5702197926784349,5.38843729995135,-6.247954921557799,1.7514713251712086,2.3538492304558574,-8.63475604079899,0.9599805320550396,-5.910789456974751,-9.628104480804168,7.8436905591317085,8.965869084724474,5.582154238880531,-4.129324310917626,-9.48753935439724,4.64347683671081,-0.06926383069154407
2.9262223515219254,-7.8937570692455505,-4.430836281462398,-2.6870334870755546,-0.7290023581404925,5.801346402568195,-5.570518581610226,1.1285282779139698,2.240925492891818,-8.617406222090827,0.5686738712822887,-6.539289827088489,-8.219460592292801,9.706651939637116,8.620289887257393,5.508907687440576,-4.481825291816185,-7.5101438199809785,4.718541585167346,-1.6044102324995746
-3.2220434057299148,9.120716355890218,4.3849016188072465,3.477162672523421,-9.530596999544283,-5.788602741353484,-7.592242564138381,5.250132683090554,1.679612640783827,3.7900106899251176,-10.995821808801772,8.620380355649012,5.538276970542607,-4.000947343010854,-5.427822262710526,-5.060354707937165,-3.1934830767660105,-0.633923138572472,-1.8856198934374588,-3.686042634811243
-6.620265834399631,-0.16033963060594297,-10.56625223012415,7.187471665330051,-4.551766853680247,3.5926712665039857,-4.864457851646165,0.4459300344454879,1.5654299438373762,-7.454137546996603,10.496689757095586,5.125125318662466,10.047591943860434,7.363094562777075,0.9313740933375234,7.979347710620615,-8.32529808203893,-6.468822658388577,-9.311455643362352,-3.1594282350585225
-3.6635602912857346,7.262457321446602,4.249955129668656,2.131223173860864,-6.97625086116616,-7.296076521223306,-9.784073817332791,7.931769107183672,0.7051683149175907,4.9374794697643845,-10.590527133010676,8.64576180588685,5.182067625392759,-6.254619933320114,-5.388188197380009,-5.816281714487367,-2.9367330287812106,1.0172711785786932,-2.4647694556880544,-4.506206420366719
-1.9915386025836272,8.288542315044856,4.82664560070518,1.2177867515874095,-7.491144994143219,-8.286770690124168,-9.761561002746914,5.9718383098823695,1.0464269818868428,5.215093352528749,-10.537709002915895,12.030579108077276,7.142170716889325,-5.568381662739603,-7.221858436039201,-5.631599923522332,-4.490792967047019,0.6171384472901187,1.1989849111111095,-4.271477095763811
-9.051337320249788,1.1987452748950478,-9.474291679732456,9.381585453087059,-5.304614802132061,3.5192964734806322,-3.5564296208770916,0.3563163055452923,0.5015460734690009,-5.910454871018938,8.465529291807965,4.293221138263233,10.032805724610611,8.623714997445076,2.0238911848239423,10.102627083006116,-8.497915477686455,-4.757639531628116,-8.919880136863418,-4.518144134811103
3.4297930598640045,-8.46799094286805,-3.4257267767206443,-2.0823410728747023,-1.0207468525998267,6.042206545781963,-4.977066875234448,1.157004148300683,0.7052720651671212,-8.25083355884456,2.086208432996248,-6.5166434282386545,-8.625771149292715,8.827467756268407,10.504348158598251,6.08422900248001,-5.027270744915755,-8.44008757584205,3.863355247053613,0.032264659089077385
4.514144392500894,-8.44463478538156,-5.189073313142816,-3.1130223385125664,0.409475409193097,5.718028227122927,-7.242660152863268,1.539027129029572,2.579292004026331,-8.532556788383593,2.866631279199607,-4.195155625671719,-6.5138732452582975,8.290995402063372,10.93652565430234,6.551115152088122,-3.4086288003948373,-9.73882855151565,3.5142747648549415,-2.009773715544538
-3.5988306603951385,8.229524220070617,4.269370737638073,0.56760266476209,-6.864008857201667,-5.9778324194892996,-9.74608393678293,8.842806839140472,2.53309232339177,5.192032141544966,-10.246144667936088,10.252722270306501,5.556918915613123,-4.862970285597968,-6.191661316064456,-5.77865858294654,-5.090749746434097,-0.3999412096318474,-0.7638714089043004,-5.123765200263362
-2.099434827093253,8.153198218024752,6.043248806353292,2.6710729564797595,-7.322671212279753,-7.35960256067519,-8.541752211495249,7.786707710766288,2.219592500495382,4.472760229363794,-7.888352739507571,10.469740195474772,6.83948840727346,-4.811907205666993,-7.396024559385527,-5.933982752984515,-2.105848791076135,0.2770827372523834,-2.20873355577677,-4.827506084632222
-3.2182185806832404,10.96754526572489,4.113999160332898,2.1509197902087633,-6.479145804644942,-6.749044407060098,-8.915771217362003,6.1282291518994585,3.4732277831433875,5.968648199558794,-11.270968808206637,8.374168452353507,6.3690424736314295,-6.717755581344668,-5.857535102402123,-7.0601820053379365,-1.7500990730026431,1.6856772269883533,-1.1485255965254704,-3.148430932719429
-3.7313254319446956,9.727284558370709,4.399553438069966,1.5983488763911344,-6.168667222947779,-6.435846281789907,-9.199293922455091,8.48285271886295,0.9412369072642783,4.777387162865173,-8.995208856115568,9.088650603925895,6.974985838250554,-7.00433136281978,-5.439473636651087,-6.516811939374312,-4.437878161328285,1.5441378584816465,-2.0654433177004443,-5.583878492402721
-7.735369500815202,-1.6305864912234478,-11.00026390289331,7.5856601109370745,-4.301879601557272,2.5973082971496995,-4.784583675802494,-0.4133252296814539,0.47886316372028037,-6.656769852309562,11.557214007497729,6.557277095709609,9.81475294356551,9.065127372826357,0.9591787068876529,7.215120085475096,-9.337020250495666,-4.745836618279258,-9.642646010671731,-4.744749566974
-9.302907905500959,0.060361218323596894,-9.030999085477028,9.676007451023292,-6.094762414324748,4.405139453796361,-1.398364114184659,0.02359553603373915,-0.3567366326276311,-6.7098852558628295,9.405697522662553,6.066444342229206,8.198584101445736,9.451745542700317,0.8434672612136407,6.698279548289535,-7.123439534674292,-8.354963782823296,-9.299583990661956,-0.3757122555266652
-0.08248113670722779,9.447245953559017,3.2622613354738643,1.4083956797697899,-5.858243895721872,-4.7916668204060215,-10.424311068873969,5.443598530359658,3.8932654102359576,4.5510657332918125,-10.456602845960317,9.932826129362322,4.0131050769915575,-5.749842279837316,-6.035679483014903,-5.407639663393494,-4.9290510931017835,0.5808157940481163,-2.2865242532172725,-3.9200334403648442
2.940198091683639,-4.711692303237668,-4.385112756105355,-4.079740596230154,-0.4763322384579825,7.024515017400983,-5.898510235853305,-0.6219597768820603,2.8062853187208687,-8.40744612710161,1.124816193833142,-6.208091908719828,-7.701702572635537,10.15960078762556,9.246191686181731,5.809867516149902,-2.680450794451324,-9.256718222853207,4.123239821164143,-2.566976752572402
-2.338332184924808,8.830302791845643,4.658312769293494,2.320751389302403,-7.419386871460632,-7.658414318678259,-8.642482501538328,6.345150137883671,2.4305529905786476,2.4588679516830685,-8.559154476758307,9.87079452565293,6.904882550322311,-4.770526802488963,-4.698026211395411,-5.317539737913194,-5.75602937214089,-0.7844483340909443,-1.985918204853364,-4.1493261458283275
-7.014775433576961,-1.1909561586094926,-9.45250516324606,7.850892209542576,-4.568423221580891,2.1311954448589967,-2.513831023698623,1.3171842051538205,0.5710300281327768,-6.51932960112783,9.255270405013556,4.724347914215787,8.346549413048747,7.626276640878366,3.5708679469288302,9.38410300879277,-7.2954952516249865,-5.710417138612705,-10.212781230720474,-3.534884489312092
2.4799399075978648,-9.292221490148151,-3.603957872916428,-3.2209634322929386,1.0448454791656727,4.928904257841691,-7.695707394800067,-0.1865749724302871,-0.12719639397628768,-8.319892291092735,0.08581399177244586,-6.561059945071011,-10.776779960150606,8.657412940530024,10.956018817295721,6.528594853765016,-4.771218221497521,-8.077761208811406,3.702677402287584,-0.7243197793645675
-4.402812290006536,9.22757983557126,4.641084311590325,1.1560810528725414,-6.220381522718865,-5.9425394556493885,-10.445887621004985,6.560798136932489,1.2531578850768774,3.2215484548120443,-8.758835272152202,9.204370904467083,6.384337974697825,-7.75708015084123,-5.728082625648761,-7.571168197784797,-3.855222510542917,0.7725055706029489,-0.0004410313190341686,-5.484237595158273
-1.48662719104311,11.454038534537595,6.02415165473862,2.537078803993092,-6.284872849485984,-6.026694034495639,-8.079399166849246,7.604714339468079,2.126501338816052,4.098858428021386,-10.342274702950627,9.117521966373111,4.95589600181305,-5.8515574132292265,-7.3520917630089055,-7.435499120147094,-3.735260989655767,1.8871309189893566,-0.44278302115537216,-5.7459177996623385
-1.5596434876114265,7.529388159748418,2.0859577013261466,2.9074895951800057,-8.246505889566691,-7.10487499516863,-10.00844078269537,5.5215424779186835,2.563762963068964,4.920606716223555,-10.164820514810671,6.807154751094976,6.102608367755953,-5.3614137810319304,-7.842412224632117,-6.148549883152168,-3.9304649899822413,1.0744201322458458,-1.241519258743532,-5.148486136920717
1.749424473492627,-8.64637665188728,-3.4631837961043788,-1.9561737943665143,-2.6088630461436253,7.037404973360846,-3.509109230412952,0.3306951550085735,1.207177117016205,-6.246661154596999,0.8319285397262557,-6.569411059385072,-8.519345867662487,10.322858365519082,9.672379636617976,5.66931306654077,-4.858908986920543,-8.388379540118457,2.6777331692979933,-1.14912480542329
3.8458387501819633,-6.38189309677454,-3.0662453586919387,-3.135702646151424,-1.0285410347383899,4.270367413335561,-6.531186763899608,0.7783436159153834,3.144354439022246,-10.178148562402496,1.7853911010435006,-6.740816746486693,-10.094757342486895,9.569059986825067,8.588650329748578,5.972556611152197,-4.359673988444465,-8.835896225591997,3.677615544762583,-1.4125597037759954
3.302434166707193,-7.468168302570325,-2.888523793648168,-2.181350377770639,-2.1018205457212105,7.128146959937516,-4.455279090405076,1.1669752608714483,1.0867035122046298,-9.377005699957454,2.296324255434526,-7.293227925585603,-7.006621567831205,9.122037216792704,6.60929261438383,6.507302775085441,-4.2558820133499,-8.12148427599077,3.3160411644574377,-0.38990370860128576
-7.512597936538458,-0.6173547016783596,-10.146603189990753,7.951829011956455,-4.136140657227248,3.798184665817201,-4.471316425490241,-0.4446792490714182,1.5911042931852404,-7.025258294104488,9.451602329370676,5.626411109746568,9.102040963010522,8.754817438734847,0.6950366393543796,6.526325375201847,-8.797597240189962,-4.2788143437849095,-7.0732801217018615,-1.6622162491688253
2.1118834660644255,-6.363240683074249,-4.272331261847834,-3.057706022536247,-0.33769179709829056,6.579688395051505,-6.674869551679607,0.22361309691985645,0.789850743599197,-11.569052763092984,2.351356669442495,-5.980612169999538,-8.436901331207684,7.028149027312299,8.961791231414713,3.94959920227814,-2.538023508878402,-9.132612301990408,4.940064139703034,-0.25108048152382745
-2.292422059290121,7.9169836005654775,4.051012009489405,1.1359072528910317,-7.487502451827088,-7.4192322964249255,-9.386596551561087,8.156856827279011,0.9174374418016555,4.381992982934776,-8.370350961778392,8.88500067872649,5.930933925260834,-5.9837424116147275,-5.183775447497277,-6.137802171977966,-4.446369435416844,0.979005283832797,-2.4633917769941087,-3.4940576855962133
-7.32301165684019,-1.035617367545278,-9.696616954288553,7.98064104789847,-3.2187805354345436,1.169705161688662,-2.5599600574957373,-0.5354348114031665,-0.4378736004040211,-5.122968759450995,10.123590624525553,6.757175169603481,9.590680778829359,9.956392010290378,2.5167234131661878,8.281007324339177,-7.887223581640267,-4.836873623271132,-9.874829547049357,-4.145281967266094
-6.7612600485225185,-0.6515710257029461,-9.300059895412726,8.09353354018259,-6.095948888891946,2.0973613553398582,-2.7979840092083545,0.8003525810579118,1.9842546284190197,-5.9782526539869405,9.534683190100388,3.7766458485555248,8.519612134522614,7.869162688149231,3.9111067744942765,9.124441332561013,-6.694088777252081,-5.482805045722367,-9.806757448738718,-3.3762691685848614
-1.8638216734676027,10.38291768573067,3.674955375647997,2.6592211439391713,-5.821202704301682,-8.63884907969906,-10.021586269301785,5.284290737738603,1.752893400419618,4.878993811716871,-8.085953061987922,9.472291823659662,8.277468361579727,-7.1333192446493685,-8.066883095213143,-6.387457501827942,-3.5310896918699384,0.46243388455066414,-3.428541727197562,-4.264537235551949
-6.666046955897172,0.5454323250840419,-10.341925817328693,7.702390917953558,-4.828473205121097,3.20918603442958,-3.016033002773433,-1.613540808950392,1.2685326414190965,-6.592892243926099,8.55319193890722,4.760169689452692,8.575441166765819,4.295461904093457,1.2567100054301523,7.561669875816041,-7.697366749638985,-6.885869434127616,-9.31056802195973,-1.9511167570734107
2.7299418662994595,-6.376519582121815,-4.758233581964483,-1.506846613870943,-2.545363722448478,4.208763081410629,-5.869926961244054,0.31007404624450424,1.1317178888167447,-8.261397309628158,2.6817913522447157,-5.731378455320154,-8.822104575646676,9.580291013045008,8.866990358461193,8.221765652415817,-4.7202703866545725,-5.941260290414009,3.719548477332546,-2.5724610147767155
2.637293749974365,-7.0084698818299085,-5.187079304072572,-2.626683912493015,-1.952288974577033,5.784601770761096,-6.487172298321047,2.824070391055094,1.808396993489138,-10.475231311861634,2.016716827351842,-6.070158780616282,-7.025604194141886,8.388258345127948,7.730212687467548,6.984783973760202,-5.2883233224322375,-8.482713161379806,3.427040044732143,-1.2665835785080812
-5.1180135806325096,0.34066498195645556,-9.22017444038364,8.662648394963309,-2.2944726187477094,2.2568526831481925,-4.8861963971481694,-0.35350577301570474,0.9663487338301538,-8.028682014302031,9.41403179460978,7.196203600635963,8.94138622190856,7.603861549577698,1.339839127538075,9.3359964050139,-9.055982732199658,-4.233946831017848,-7.162094474074882,-3.236642586072925
2.098975559786108,-6.61898666903523,-4.264078499154117,-0.7305175393698664,-2.625821982624536,5.798140272529631,-7.632068390394867,-2.221882802264484,2.1457534303586665,-8.931493949452586,1.866060100286565,-6.695711616293923,-5.600668706223152,8.719535607035231,9.822765022741262,5.51858214271534,-3.6124920414919837,-8.28479139492794,3.2741420475134073,0.6219484069923518
-2.045991330953627,7.647148321738076,5.48805304889477,0.7406463691722229,-6.327327253471747,-6.254478659629946,-9.535099575065585,7.90554948258343,2.282742498197732,3.6226096997281707,-10.596864798160158,7.435571351567307,6.998502863308129,-7.318020557796532,-6.26815645641668,-6.595358019013573,-3.23601236537105,0.19308313315489306,-1.6905474135047767,-3.443546491750866
-6.8966992697058105,-0.9193176992930286,-10.351449741686398,9.004389586029504,-4.428033411532311,3.420193455050302,-4.612276281080688,1.0093079905619702,0.17870670373164377,-6.404897544083137,10.838636701678151,4.841822231412145,7.216989574210922,6.843999816682865,2.9522984029093258,8.692215837842545,-8.359027337650364,-6.589436556928665,-8.610094314236049,-4.342498235724936
-8.716651093319857,-2.0772982686972306,-9.350553413393005,9.005174012424458,-3.7176258493753327,3.6652301491588815,-4.72917481941035,-1.5307047349637433,-0.822663112535909,-7.5718934667439575,8.502832857255498,5.342907969230705,7.775814613156815,8.235522902221236,1.7257260734222295,8.44803041220336,-7.089899406290405,-7.2605744858174655,-8.676749643496871,-3.507366613210786
1.2426293726477975,-6.960574597361086,-5.340163214030026,-2.9255263892223513,0.15081278529604547,6.500221154931015,-5.991341414292372,-0.6901178076506094,2.493879089415043,-9.05161050790202,-0.1694185602016569,-5.8068876999376515,-8.723200974164103,10.180161993049738,8.217370142648383,2.9912431491332208,-3.6286407581874016,-7.754994043190349,1.9939889026366855,-2.1754496710745794
3.6273132219595796,-5.422776372529338,-4.403442310475485,-4.974234851796153,-1.6994792380689674,5.276715032925015,-6.265463153411196,0.09682936726351304,2.9671859751715193,-7.7965633189124635,1.979223384103983,-5.491032650202351,-8.34130677366332,9.042216717929238,10.219184818601152,6.240199010567137,-1.8499134394348244,-9.48496888666688,3.16948963115112,-1.3234690221619234
1.9876882692751086,-8.373165437243765,-4.570530799932079,-2.6403669204425873,0.5836542883754483,5.413065311632484,-4.933982557260046,1.713448930309003,3.2826010465929256,-8.786237152214477,0.18760789018979218,-6.128692660850304,-7.650568252480869,8.896643639631248,11.057224531566435,7.027780523796679,-3.3394512393798026,-6.960177008666484,4.0180303815040155,-3.6897606246033265
-2.604661870141823,7.23803979473187,4.55927908693134,1.1401136269399732,-5.964236915591108,-7.429649867871482,-8.955093672431257,6.6879650740943,3.761151586717507,3.8402087898029973,-7.755753070604749,10.212348805358152,7.130919543343822,-5.384484639116957,-5.969703357641736,-8.259582382276934,-4.1940385349600025,1.3402866038290788,-1.4099968106317906,-5.580607042842736
-7.364158377681822,0.44101690683183226,-9.890689306571964,8.108913741682654,-4.8828304869971495,4.076849004410165,-4.831810649839461,0.3498182149485647,2.8462110559182907,-5.138850736903521,10.740871604179878,5.527088307400326,9.110976394969805,8.8987831752559,3.5182551057526332,6.485881787579448,-9.545591266011455,-4.7708986502144475,-9.372343577558043,-4.16511417399279
-6.44832415836999,-1.5972638130367711,-9.635305320372657,9.5219784971124,-3.8491998263148957,3.619709464729545,-5.271610883542401,0.3514501905150542,0.3442901906156599,-5.971871986672245,8.582345870496292,4.476933072247684,6.725113553600141,9.118351693529677,1.558229064778645,8.594630484164869,-8.232388075435791,-7.147776684577595,-10.354519133237433,-4.498708510731948
-7.730414672900823,-0.1625741917266033,-11.021455976898228,8.578106057586115,-4.91360366569133,4.8607386675625115,-4.705343645465739,-1.4069349049432982,1.5522740807956348,-5.956383871176459,8.383259534760025,3.9729075122181996,10.327375561968072,9.310657399159757,-0.529457182484427,7.979261671205834,-6.5659579041777105,-6.556405309394963,-9.586066455815892,-3.7761527123640812
-5.814924188361312,0.5671360707861665,-9.107431700413715,8.595548964351636,-3.409559705174107,2.3762464170654907,-3.8776255822980934,-0.05132972495331711,-0.23365972042611727,-6.631286148906261,10.49941365127362,6.069258615615016,9.434289331391984,8.043022620206294,2.481323358950291,7.63689435811423,-8.539659844888838,-5.888338514648419,-8.817938362907348,-3.1732055298128397
-2.530099217016898,9.131613511507103,5.917543732016526,1.3815982951049022,-6.332529809981232,-7.08230224570984,-9.056008959863231,8.422299767485892,2.8477165838522054,4.9749611919215475,-8.282831306929623,9.419200884872645,7.330805787303399,-6.063484543027933,-6.039334303369546,-6.462052857299009,-3.818159175816527,1.0902856580816709,-2.179320310391158,-2.083029920353701
-2.5356033800116773,9.294447287017928,3.830275316306455,2.3972307284048218,-7.353466538222186,-6.894561864154226,-8.292043508632311,7.329945185309641,1.5859143443376071,4.051841751995078,-9.676673073289287,9.02818601335776,6.390056753341334,-4.15457061592976,-5.802581207916749,-6.627390120960484,-3.2182007362985097,0.16130914288874731,-0.18797498957104386,-3.8057750038410676
-7.892721584074119,0.788794523091364,-8.433215423138625,7.239917245587215,-5.006560951857586,3.531657369663706,-4.038785226234365,0.9863817558440146,1.2153976047758683,-4.470349649133446,7.8614134193613845,5.380220477474894,7.881476319771592,8.500654463992019,0.3408276861761579,8.783797410687221,-8.86019839030995,-6.81450461773811,-10.541952425329926,-3.958469330935719
-4.026371319724429,9.764865295720087,4.223684431342847,0.8431003449003742,-7.329640049147084,-5.622960376413374,-9.373662843652234,7.6819765337083235,1.2913439591487024,4.919373405844528,-8.902802375293748,11.246805876536298,6.47328887050922,-5.08456298167657,-6.265433116319043,-5.036038021068309,-4.6339875284179755,1.2401339455220384,-1.555796923274367,-4.239605373147659
-3.9877196134201776,8.294441919803614,4.1792400652683135,3.0302919101596477,-6.536008901582809,-8.643149748638681,-8.514243787241215,6.938440635082387,1.345378234558217,4.773127844761777,-8.557310591588,10.329477162356085,5.8096352927857975,-6.0624301622856915,-6.032237224454423,-5.3563646758089645,-4.394329378654535,0.3094696559809401,-2.4674346011637134,-5.371623820119832
-7.0168113335723215,-0.9054256907003967,-7.754324145377275,9.179036144555072,-6.169328155064834,2.175342638962885,-4.812700228318686,1.0793303944527448,-0.35052217955187426,-6.63393522369754,9.846396951707947,5.436490532675856,9.048866346996489,6.830744297204217,2.552853949618947,7.824272807986338,-8.554769633359552,-5.842611023711109,-8.99237600025839,-3.4694133657191197
-6.564067637945818,0.8409056164790836,-8.482068205349329,8.559250290231468,-4.604211053794529,4.282835085206037,-1.842264990608326,-0.5516800398086336,2.012330982660365,-6.389127987496911,9.262019503262572,3.9661257768402525,8.505189421768387,6.89928205058456,1.4941451467157567,7.339298316684185,-8.679058346274616,-6.486453108640498,-8.99869930335044,-5.108143247026044
-2.616499767056979,9.4620030540086,3.069002684159602,0.8464022150309267,-8.073552197550326,-6.73716649851224,-7.105812757150918,9.554823061691335,2.6603513363049327,4.662296030865366,-11.38936784823669,8.855523243505864,5.861069064100197,-6.374065384685593,-6.5316444744427775,-6.804000380628451,-5.8944549511850335,1.2430388887622912,-2.433842652897492,-3.936170331928012
-7.62357295048359,-0.5516335817283602,-8.296601693701161,8.373867423664553,-4.771942981110218,4.0302743278346895,-4.140887473155345,1.9698794090287703,0.14615796363258493,-5.645981823147371,10.825525393951017,4.125360977950191,8.446643655431334,9.038754401438533,3.1152441239527278,8.265989100074096,-8.964821052638468,-5.124406929286334,-7.911905119207635,-4.658056733247108
3.1954437142896324,-7.158461810108083,-3.9280323410899345,-1.5984451214106046,-0.6542606588811979,6.607536782621588,-6.304006557706656,1.5966725068461791,2.169077103173534,-8.87693980199417,0.8808359493167344,-6.3025616719524615,-9.530923057788861,8.339428018538172,8.497265033175067,5.101712030429996,-1.7829532135156252,-6.715218657883918,5.605028032387398,-2.4198451447635367
-1.6966718006585522,10.370526156769145,4.5678687146477674,2.976702581832756,-6.517991166103636,-7.525229347881071,-8.476932151127597,8.861559481964672,1.986474195754224,5.726095211734915,-12.208055218173696,10.22009954761511,6.735899884246607,-6.052225136900344,-6.271739879322485,-8.319478717532217,-4.134827028646757,0.8522412041565037,0.11679441758383091,-4.693687414312809
2.701427757994164,-7.760674718667651,-3.8407487077594924,-3.5580118202503885,-0.6975375728881982,7.006797265176337,-5.420358556440022,-0.12772504994424783,2.1054903475967772,-9.311656920130257,2.1587772227234945,-6.9151285784026735,-8.863303346179801,9.189804098140842,8.319281961909237,5.152068135339243,-5.296267170363798,-9.646828824376032,2.4673778380226583,-1.037487618403844
3.605137244936191,-7.084221398564204,-3.305982930915399,-1.4489072155835727,-0.5406447615142553,5.111278383047458,-5.030810979163555,0.2854442757268281,2.5341491958492686,-11.224722319391507,2.5978787550386184,-7.2281033513992,-7.045658503115879,9.600798092955761,9.552498407340483,6.654256955679443,-4.906165469409305,-6.423301029344268,5.676030948660042,-0.8040366146597567
-1.8876257331966992,8.644675792154688,5.016979230130288,1.9439068702557536,-5.7535769403791015,-6.931503316864433,-10.611360224842892,8.585444416212695,1.1165679340015568,3.507685217272089,-10.183971408127443,10.772635136410702,4.51317860202974,-2.615469252774483,-5.307443846791935,-6.108670888802164,-3.970049141425532,0.7806827075024142,-0.8399771987783469,-3.5302016100891045
-2.980235928671073,9.246336065555958,3.191794494730777,0.5657059095641768,-7.598071412403706,-7.093556744987794,-8.527420191038006,8.798879132448254,2.879959858066195,4.001513025957482,-9.60732632198664,8.395667678602077,6.6303396800160455,-6.041876425354615,-6.040782095519898,-7.159140746483646,-3.395808626568073,2.027867545647335,-1.4698597756145428,-3.77370547394022
-8.813396290100027,-0.6514784993187057,-10.714598861119457,10.27750231430812,-4.846836419980235,3.1924951453169226,-3.1777018030439486,1.363705592822786,1.8800937434202323,-5.229288945581887,8.760847004500317,5.20478966226543,9.559010486726057,7.369157946913355,1.9528929441944773,8.836248464887149,-7.444964876651233,-7.858023713987297,-8.380708571900295,-3.7271174425864384
2.262268761987672,-8.753241014902033,-3.992812263925068,-0.4765399919733668,-0.3856138571448213,5.64600147485481,-4.931180954875908,0.49535723347534333,2.057825607503644,-10.162616917759149,2.384745063818365,-5.5540741098372255,-9.535030292394435,10.402206566313614,9.220934637346062,5.2801774507906805,-2.910092539612342,-8.33335195561059,4.444175417729245,-1.4887087574665103
-4.164085059281046,8.054239832918858,4.517169902632377,2.066542058217383,-8.009830915825194,-4.468432917697525,-7.321933701382438,7.925641235891186,2.09433709614792,3.949242586019757,-10.540228574106187,9.475677561758749,6.906605356151187,-6.994978361916101,-6.02932423861309,-6.487168851756072,-5.822962698686636,-0.36525637813474465,-1.7747051605793294,-2.287729538698971
-1.8437807993609714,10.95550356466207,3.7615557590483624,1.5951617849225148,-6.648181268625698,-6.233620055550176,-9.053995394183643,6.4505618250450025,2.9037077637877466,4.88258691846649,-10.504584214647675,10.753639844345383,7.819051525205039,-5.618921289186684,-6.283902793481952,-5.777852031815416,-4.776858211065504,0.5251601118088395,-3.5134831717668655,-3.2989615505362258
-9.303995690709725,-1.1517859563670558,-9.636138430911554,8.398287220404526,-3.814021054716398,2.8046882272827913,-4.647739242478955,-1.0413543624464963,1.4142692047696968,-4.9197163741601155,10.65802282324746,6.212589215369529,9.428522148551382,9.594170788262316,2.290081037638513,9.083614376486507,-8.550933820813608,-7.442386122471853,-9.779303122288816,-3.502552423269368
2.8401525793964235,-8.060658065706207,-1.6719171126167454,-2.4079878231481864,0.39679042233973427,5.5518047942830435,-5.473165112127356,1.1241572727906373,3.0664860889951058,-8.01362344022182,3.0230940381017444,-6.904604257448279,-9.27071418225047,9.310318255390865,10.245768733832257,5.945226261552614,-2.8425526508182,-6.593940974386142,2.7683396111697176,-2.033870829004253
-6.183638338800215,-0.500557109606996,-7.276698120976038,10.178502449073097,-4.955511706680144,2.6729114230604276,-3.0685404318214675,0.053835481037358246,-0.22234963020174336,-5.021672235966479,10.608139942568252,5.658168070985852,7.527114077555605,6.667020757335589,2.065228864640855,7.9376136659573024,-8.571242891103218,-5.058379596557092,-8.362274904366682,-2.1152507042371
-2.9919411452347826,8.06095751993961,4.762549152222897,3.5978481424102924,-6.556547918035241,-7.132463095402234,-9.130139025551554,5.760332106802046,2.905410012011335,4.083614358908107,-9.768790027674576,12.591304611084746,6.947605724374122,-6.505008836529662,-6.789858252063531,-5.183464093734569,-3.801884730271481,-0.9431493456726094,-0.4418706925824817,-4.843561281578156
2.174418317120355,-6.96699932844627,-4.451349534932095,-1.3161797482981838,-1.0789528934534445,5.9353613199951205,-4.860494212690741,-0.492682716573674,3.407080561737744,-10.601453155343421,3.780539169141565,-6.962193110206145,-8.941666888119691,7.0877005738837235,8.857845944113494,5.128140431302337,-4.51537096190606,-8.183868685661201,4.642452144716043,-0.9893467738073473
-6.727736436172761,0.7016292508869654,-10.736397177883232,10.098014108638964,-5.4655652973965125,2.985380690191061,-4.6684328381996005,3.099689259493304,1.1762762571535603,-7.153885970171023,10.255616105253617,6.271792246532324,8.6022518077039,8.737153721336359,1.132707615390838,7.944566425513083,-10.240366613527673,-7.404293835836659,-7.287823416118554,-1.8519647570123983
-4.023667932233517,9.33587933953756,6.394811907875343,1.99157131472417,-6.6543630739037205,-6.187386838159087,-10.10765825318271,9.026037573628308,2.2246290312869776,5.793308455010018,-10.321343109607941,11.21625896579771,7.424008310043218,-5.200177700582119,-6.12947620150484,-6.580438421005773,-2.714623482335373,0.6354885024928042,-3.3281693307448377,-5.292603657746164
-4.721059534382257,10.547719829494646,3.2159216837779563,1.7065173547063173,-7.308871611449932,-6.291556323505227,-10.436452108519758,7.785695581580646,4.046609858151028,2.7982775513280984,-9.398603946473555,8.736214865443277,7.074740022201471,-5.734070009018724,-7.004987564902297,-5.84403751806025,-2.1108070310225022,0.3042248409174586,-0.6413416850095033,-5.468690153910325
2.874382577470662,-5.593822744237246,-5.549842501462633,-2.7073137580801294,-2.495313690607295,5.474136896004806,-6.255140210599483,0.9113024055353034,1.8938552583827482,-8.44758460732013,2.8543371711676606,-4.434588848871028,-9.014264795580534,8.036688044400288,9.558724276807595,5.365666935189678,-2.425763848096051,-8.329775758817554,3.119084162369147,-1.668265846359091
3.0212043108010884,-8.108150013283622,-4.9231522316960366,-3.134030184624473,-3.1313937103906198,6.03948740130085,-6.279368903172936,1.2548638508400916,0.7498821592782972,-9.690114693849976,0.6443717799896511,-7.593808089748423,-9.880950136362628,9.973684423913111,8.614378812739794,6.2921226470738345,-4.288488020394391,-9.316022985885134,3.516360107071495,-0.5978467933443784
1.9743111467610859,-8.806016755533276,-4.8961356873188695,-2.0204327959494863,0.5487050486299359,5.284084475201722,-5.250036002516707,-1.6293713023152347,2.5077426183544613,-9.874940160327526,2.4582426547367366,-6.837269944493879,-7.378554130510576,8.103275096726748,9.940246959053018,5.888439499032688,-4.066030094542251,-8.230411613031531,2.8389874257490244,-1.2110490911146445
0.48468079930659314,-8.070851950354502,-3.4847176916842546,-2.506107316766322,0.3023895896463915,6.106793790897445,-6.973226247535465,-0.5113753694484015,1.951208767764087,-11.38503581160015,3.8243389236517515,-6.1477707898766125,-7.471933543245537,7.397106804257497,10.557205821846443,8.39944587335697,-5.228602971909904,-7.275155924968555,3.6857704749304308,-2.7413839734562173
-1.7723537259603168,8.732958571080108,4.706869553452973,2.4891089016448316,-8.442173048037812,-7.409162270622241,-8.044063077014183,6.069233492329454,2.3158581670308047,2.804869751297504,-9.121880131650425,9.362555560942402,5.0337210001029264,-4.588478431977306,-7.098092232656037,-7.142162239945705,-3.7145859435783026,1.6437659820734725,-2.376921446136082,-4.11373734619119
3.841397002756186,-7.495217044001177,-4.018461845585552,-3.7588894333075755,-1.7468612772576129,5.80133252095358,-4.902590810130898,0.028407944020660103,1.6123748479287259,-9.47787699010442,1.6161403671844434,-6.294546070545349,-10.196225785473054,10.258650321733393,8.647218363361727,6.889850447767363,-5.177723213926463,-7.377717589326103,4.356605138057635,-0.8127480532020765
-5.44793896900484,-0.9570272015884832,-9.635271946468638,7.819171040776356,-5.245757175770104,3.8717924270487427,-2.817635527739731,0.09540599202462419,-0.30227269972675597,-5.028470661640555,9.296351464094489,7.2329782820794595,6.54439293371862,8.091950229836295,3.8766059100979104,8.084220565024177,-8.455643382296246,-5.7848310600267565,-9.654250040674198,-3.8054653167874455
2.1729801302988734,-6.673831877441973,-6.353234850395584,-2.8348871096060244,-0.7355515457803282,6.553131216376486,-5.313666772595369,0.8672600870810377,1.0483508705389157,-10.978993882723353,1.7578442809673653,-5.58788570104561,-7.305513612769978,9.688259847364451,9.741981484292921,6.547586610715187,-4.463843363293368,-8.176618013425943,5.353730056069469,-2.1395081309998494
-7.784586788148623,1.570201461452927,-9.990564207031126,7.572264510328458,-3.2998831868837586,2.8054992961843874,-2.164704172047388,1.293201003151029,0.7795558803047595,-8.116204361506618,9.372374251019336,5.604286520755716,9.957196564588155,9.484994184793088,1.2730123970779548,9.238666464450517,-7.46474780294826,-5.00693004920665,-8.596764309653695,-5.435891075696483
-5.7111951113335735,0.8942490488494889,-9.433250608705196,8.913579301109591,-5.228103801997569,4.079594722139182,-6.15685704349574,-0.6184409101383774,1.9134653311525558,-6.552566427708378,9.599234850179913,4.155870805106856,10.637845826985886,9.087076652270651,1.7573143578463726,8.032788843599008,-7.200545597541916,-4.097872301448168,-8.141693965977886,-1.3215907173381107
1.1449163010188568,-7.463798864501544,-4.502271734745434,-2.1835085990498384,-0.19224676064474744,4.864626553834537,-5.938685842915868,-1.7352385638839039,3.29023638304274,-9.583365986276739,2.2067609778732633,-6.899167240242231,-7.552940565280995,6.140204303669288,9.296030319165277,6.062128204831524,-4.361361004124269,-6.320331174236689,2.797331071387366,-0.4251539479723119
1.566942693993357,-6.038404872243003,-5.333280365850418,-2.1852028370394474,0.303290777300681,6.184427320609168,-6.209048583897636,-0.2436082783907466,2.884379028287106,-10.493966670861719,1.1807727776491228,-6.987075291745891,-7.461314382782412,9.357478381107562,8.344594902980942,5.857639256944318,-4.522047760628881,-8.756346712105858,4.663550088799917,-2.5686932544714787
-7.102879329971727,-0.4635364437927793,-10.208815118342823,8.759855534931042,-3.3327265091978537,3.975275060565472,-2.8428009130713496,-0.11927018300608272,-0.6634141423028634,-4.812773367389617,11.446207444695933,7.045463240991973,8.454192892304032,6.741912669824131,0.8923168784021358,6.753752132848286,-8.337528577371655,-4.474664793534641,-9.237116853661483,-3.191070484386438
-2.6950433752454974,9.324285111363876,4.583290347328205,3.192140473734395,-8.830729055189895,-6.736521656770787,-10.656306982023166,8.083235210982872,1.9278415204221728,4.581061527945027,-10.452193074673717,10.677661974897637,7.690577480067287,-5.1696734834225895,-6.493017902721428,-5.752052517636192,-4.622047708796594,1.3506842916654693,0.2883812671662358,-3.1048066360599753
5.172715796775368,-8.283450819182058,-4.585954954901711,-2.2569262978401055,-0.2783873499150028,6.661451283075957,-4.1989158490635425,0.7908464237329449,0.7922605772741822,-9.327936870721826,2.4587294105426514,-4.521291484748346,-10.096773618718707,10.180287250291894,9.492555031037604,7.005777497558702,-4.009719333168519,-8.888990349998648,4.43553330964447,-0.5425190981023519
1.6150230888932084,-6.627385203785298,-3.66023343878804,-1.6029916791423158,-2.078297844024589,3.3873753648913962,-5.148510161530661,-0.543507504693002,-0.17019648714778812,-8.925927999640663,2.9440727262474438,-6.711574658375447,-9.156816526476899,8.81834851292076,8.942057899090404,4.819899850389055,-4.622405293523019,-7.525277814858507,4.006339071619638,-1.0288903192411527
-1.587396121075498,9.496974015407535,5.059973326679943,2.580020277156403,-4.823083626321729,-8.010998028601863,-8.364695679824555,6.397141785517165,2.577812881206424,3.2427650444348144,-10.005676927689036,9.10310712900198,7.624669535353145,-4.834763342492063,-7.609218032304372,-6.276975691931475,-4.624734995558418,-0.7633762780305773,-1.5781166775820556,-4.483899984494981
-6.8099527462249725,-0.6939406557989997,-10.807771114193836,8.174109592267586,-4.997246042813773,2.814681190109021,-3.3234616100472953,-0.3493691834493825,-0.21779196071355011,-6.193827919139627,9.777662647860048,4.326011523322238,9.718069442274864,6.126065870776897,1.379886117506059,8.179476164264726,-8.86637367161354,-6.645403225168288,-7.224379739481126,-4.344277473773611
-2.460337552727046,9.054877819402204,3.9378871484213462,1.3102687663897838,-8.282232462950963,-5.130532850089008,-10.082190992027295,6.630617717702796,1.3038929692949783,5.05637593286535,-9.883259792375979,10.64593911591362,5.975362191764567,-5.4742236242106745,-7.198847709117745,-4.186760675157935,-5.102753559838758,0.8049493428717848,-0.7273227462255867,-3.761618098587663
-6.446600997901122,-0.1675820886049323,-9.226634873751106,7.908035073967748,-4.051552529455939,4.033605574856651,-3.430724126299609,0.9661495294638643,0.7221159169451673,-5.7607078825804106,9.053814779817365,5.504888089384693,8.515335081917485,7.4393284692337796,1.2688877784999122,8.90517480432122,-6.919544046148147,-4.909240779947536,-10.352019557734675,-2.2041903333278396
-3.4365507572433245,9.252655110933107,5.615076466010531,2.4742638538805775,-6.690045574552527,-5.8790635007088055,-11.541560049635248,8.00139823502961,1.368224551736752,2.3308186590644517,-9.077107514558971,10.771855588402843,6.511404301380744,-4.800343239231538,-4.751222397869342,-5.016995349347276,-2.2751906114378526,1.2372561237166495,-1.2856659882560924,-5.777383007936329
3.6135543444671274,-6.896990646946008,-3.4700412334367208,-1.206222274847563,-1.9901805651728317,5.66769364915381,-6.537978908192021,-1.2831706570932233,2.1950013548457696,-6.559435194015622,0.31081929352301363,-6.6217981373036405,-8.058425205219637,9.100788946722847,9.199512608975446,4.868730598883397,-3.674937873592423,-8.803321696888249,1.4947388252645841,-0.002357904694242352
4.9922756381674915,-7.515733401112966,-3.426148052919421,-3.3234229614945496,-2.968903214512437,5.533260981064368,-6.272128917118911,-0.11518947039613892,1.7336505417344574,-8.806723473954408,2.00078008677496,-7.853523694201534,-8.21278334873247,7.028338989744243,7.262283204206987,6.907127457030789,-3.40070434439723,-8.103953084946358,2.2892120254880655,-1.9048610658820484
2.8695121110898905,-7.684300962063128,-4.928878986688512,-1.063242468350193,-0.6511044399272268,6.339486978572011,-6.828600368660733,-0.9345956982499612,1.2788416027487393,-9.195013132990042,1.0866770312114176,-6.599362334904553,-10.38747332836291,7.857663322596794,9.983551909768062,6.771737482607115,-4.299601381919453,-9.064322028949274,2.6572569787171263,-1.5702183711492872
-6.675628517110255,-1.4626601354435138,-10.393642958434919,8.522255306295712,-4.308003700213083,2.0053944635756453,-4.148595959198531,-0.2047234086634424,0.44752926398399623,-5.359313113216513,10.098198018838424,5.483534287368584,8.244016904168856,6.546897338332835,3.3781845150036514,9.029598600747253,-8.93681906303475,-5.360743253992204,-9.165677842363865,-3.780502889597056
-7.516204329783142,0.5903961132376598,-11.377532352736242,10.308039348905846,-5.107552252879537,1.2254057734034673,-3.6076845796349946,0.4348038915293672,0.8523112072931,-5.311719776562793,10.139137526718228,5.800532658246136,9.24013446523043,7.792188559114889,3.733490425461751,6.958288682104568,-8.090498284745713,-6.015318120428315,-8.282173815724647,-4.337247262159612
-7.7146577356321835,-1.2521693726915115,-9.514835350613707,9.166412277709536,-4.519249532124689,4.398536553477073,-3.424024557498241,-0.8969655161126864,-1.5866414197071417,-6.154102127809868,9.177766088940007,4.5257107278404085,7.089351581632405,7.1618037950802655,1.7635080913569263,9.103362524168725,-8.04151887739363,-4.472275504444367,-10.131058277834633,-2.612334492677279
1.9075685942296037,-5.535263114045098,-4.431909334048325,-4.874006607577084,-2.8774892225205306,5.737548814206954,-5.392753501042897,0.6601446258994854,2.01586148304184,-7.908732148094378,1.6113058172916348,-5.694606970227345,-10.330983025320826,8.0727629121286,7.505599266559371,5.893101661659429,-3.9539858337989293,-7.932456227645802,3.746543883130273,-2.124503456019701
1.2587499446250918,-5.411642699821045,-3.6042018006961554,-3.609355140369808,0.22763124320068817,5.904217922149151,-5.749270935721304,-0.05978844048022014,1.0988753902838764,-8.733225646545444,1.6058098080331762,-4.772761896679065,-9.968259245537514,10.51386751792161,9.201321812693386,6.467032696350327,-3.074566849903152,-8.676807014876758,4.548908914941774,-3.9044939805891503
-6.702076914681135,1.42817679870816,-12.114141147183524,8.620671691497714,-6.251049578810009,3.7495561938785817,-3.637851275837201,1.037086949996766,0.43495797237093775,-8.176151001308611,8.941324364034504,5.9095041023620745,9.805371159959005,6.72471570808045,2.98506000309472,7.789612410815813,-7.867700077367083,-6.590236704482728,-8.913283594077138,-2.601515750164438
-7.570750391181068,0.9341980104669632,-8.217431075468307,7.380416310516227,-5.350955501136363,1.9280982523963448,-3.3567135398777235,1.067988307013107,-0.41572005099568,-6.758109794305618,8.044438637709822,4.603856656978453,9.340995891510083,7.163064941874696,1.6571736201894036,6.810172972515019,-8.043159749236946,-6.124616071461745,-9.824413471822401,-3.6824076824171867
-2.34934123105535,7.986610987272363,5.905586677092802,1.1069948357262311,-5.910169990624533,-6.452915231404262,-9.484555066479814,9.098833808108216,0.8286634031076956,5.080605729530911,-8.587727796040973,8.72757683416324,8.041318116072764,-6.00326430103343,-6.074807026578131,-6.071587964160103,-4.0494638822797935,1.3059369058045394,-0.5676109066054722,-5.923949169277342
-9.004753450849748,0.2654524729559303,-10.109667694765731,9.260937831805574,-4.599130645984615,3.8572078372860474,-2.3550861577908857,0.0916496117496437,0.3597188814493173,-5.431208303890646,9.901206119220857,5.31532615740099,10.181436798239725,7.6843026987130445,1.9907732137774838,8.458707351296594,-9.164743853860081,-6.002757362130705,-7.698694044390749,-3.048425069358537
-2.0993789661242377,8.77302847357978,5.312452537430833,3.8730516188359476,-7.012260937533844,-7.854638897946588,-7.731247087349038,7.203141751545105,-0.15036931114986052,5.008873233071331,-10.123638300037873,9.307663760935725,6.98083314657745,-5.56271810665541,-5.654048838718948,-6.767396173501167,-3.4020493426331626,0.23558195506084006,-0.6222891462701822,-3.5600497120261076
3.4171860681891175,-6.065829718399224,-5.544975579751439,-1.9089027824927434,-0.9317071173561912,5.152537424322023,-5.838509016300277,1.229900302883716,2.3491229682450614,-9.949465546942106,2.8933559516213867,-7.227105068330133,-8.482285021330123,8.674360677589531,9.09377440975556,6.934189937369731,-4.947918336348485,-6.101362645595389,1.863574460948641,-1.7946178084628301
-0.6625606270050843,7.944201361872169,3.1143536653033626,1.2812616140594875,-6.925213207506768,-6.636770143953255,-9.07956381449234,7.675578312013,0.7707608106737316,5.605216159994169,-9.67046129247652,10.515492874828013,6.99157816238614,-5.296464567280693,-5.793733375625783,-5.884201242914009,-3.2724323809417015,1.8242811627771887,-1.164578457456215,-3.466413438450649
-7.02242783387952,-1.3460267096986014,-7.878595968877754,6.326745001025844,-5.509212477738558,3.1561766163147396,-3.3534225091258323,1.9775329512975948,-0.9240859013595144,-6.810605017879169,7.264859067491907,5.534278441132539,9.061662415783813,9.487342750724228,2.0786343371151563,9.481509829904715,-7.646312877422551,-6.515590948622264,-10.50441496858128,-3.218391086442902
1.6570415617939052,-8.36653860370302,-3.307027696878084,-2.255082381886765,-0.7711559413183879,6.090890708493263,-5.6833388743746,1.5685056281257939,3.1432769620578056,-8.526771393259699,2.9966999105916945,-6.075454973829394,-9.16013787232903,9.734275419979806,7.918145592631926,7.221838514625104,-5.102247556298622,-7.760754433077588,2.8395065718169787,-0.6435611421335463
1.5170683612256508,-8.134185594300229,-5.410613041667398,-2.887717972205117,-0.4928503474775857,6.406179226359579,-5.765647599632398,-0.3810046966213143,2.217307815066017,-8.946706050749194,3.0869532059647824,-5.812580823322653,-8.66849172637378,8.080457738905409,8.659690505659107,5.618157602691188,-4.2229909504488425,-7.778507292282568,4.3998349203711955,-1.2480688182233508
2.544734547848704,-8.305642175804724,-5.037861118898367,-0.874038115774854,-1.613801350422527,7.359727479917568,-6.249585555713672,0.2869767044157366,2.9186565374707794,-7.799099323661388,2.0400844777496787,-6.977760579775708,-8.754888588816623,9.315668273298785,10.203944348360942,6.172176821323373,-3.288838318509433,-6.408197987601381,4.065970142507922,-0.8852972692031947
-2.1272621708211967,9.444327775389391,5.670162290259944,2.2119588429672454,-7.138669336971973,-7.076459442360925,-8.909929016050075,7.286300678988861,2.7499297785011554,4.213397441728208,-8.855670036868371,9.317480463131304,6.727488006324526,-7.751418470966584,-5.447172981155506,-5.985421327033331,-2.917145030949593,-2.401126745548932,0.7272750776230423,-4.315006824194335
-2.0803811227221773,9.707391735461465,4.816320391505327,1.6061418448574096,-7.70721741179999,-6.793965710229572,-9.910466768621617,4.402172432004096,2.4588600390218436,5.065386397007104,-11.951242549625789,8.388466338529948,7.268007077013634,-3.695722316722778,-6.342706948182579,-7.059912744160458,-4.098051581914086,1.870005051792942,-2.0070638062822206,-4.974609202689415
-6.588746843491044,-1.3547264271418842,-8.675676370822368,10.50901726683841,-3.76258372200993,4.664474822641628,-3.54743972776962,1.369292372321206,0.21635237251155748,-5.507047077148233,10.046080689351935,5.792567641259954,10.105986251002282,7.357762170705587,1.7709420597480399,8.53294674182063,-9.25976093005101,-5.853410807816847,-10.814384634743087,-2.4464388503065035
-7.706374807918531,-0.753085868574301,-8.438239826688749,8.264847287659313,-4.641405918354401,2.416174344011675,-5.483450626575177,0.6375028334353173,1.8391676283597929,-6.5287176385655,10.82812207485004,4.798740141806746,7.735274376317863,7.829316701356844,1.875407000870412,9.207453431797557,-9.005112783025595,-4.712248514802198,-7.128537259280986,-3.532537411703055
-2.598933317339977,10.454403343647794,3.9634865341688315,3.7741101168515474,-6.9197851417956135,-8.310884695393995,-8.710223341725222,6.642471258023822,2.8629437838528995,3.508827576618518,-10.03449354729873,7.508656312294355,6.196546496759359,-8.177097113063434,-7.947403479343711,-5.571495146787027,-3.1293549821584135,0.920586194429722,-2.3280757702868984,-4.223128552181141
1.9797578938298002,-6.128010473966022,-4.286141144425421,-3.5244253084605592,-1.6375710145626252,4.724778391550506,-6.278934373436493,1.5184130466084256,1.0431961962103409,-8.882515984581943,1.4942076924013532,-6.849826567525607,-10.209009352279661,8.75717251591013,9.118935281686225,6.7082349063649165,-3.6844437032772164,-9.244949844824367,4.76885877428668,-0.9866470849859776
-2.2598890274110213,10.059374602283075,4.784766669324992,1.9970727272256874,-7.231041426865002,-5.316696234443839,-9.656756422578011,8.855890640176819,2.522164358604547,2.7621453811189673,-9.22066082109253,7.2981705355882625,7.274360832839472,-4.867986303445486,-6.9558566115100415,-6.208362106975741,-1.9609977070589593,-0.010618071617179425,-2.4200072142142854,-2.6937537935765627
-1.9494071751217104,10.095066853752943,5.473800990777005,2.4323497631691686,-6.949792902609917,-8.541070526791938,-8.408709537503425,7.531210602661814,2.293879072059549,2.8847029801005997,-10.669366654492213,10.45134989657279,6.60929766215178,-5.071717089061853,-6.335182279727526,-6.302153663435578,-2.976871334833248,-0.020916095572616644,-1.2649788502167019,-4.637692484744203
2.8019002530477124,-5.574324980823348,-4.378149492832687,-2.6033933314680966,-0.6860033969279754,8.095628863134266,-8.105880621251831,0.9679117830610405,1.7334891284817862,-8.504220019415865,1.493524484034042,-6.63848255711262,-7.987557560828915,12.090620946110507,10.12067685089326,5.319881364298713,-4.33148429855529,-8.499971828256175,1.8890173576131224,-1.5270403169094102
-1.2861145559574252,8.75543172782849,4.992383804584981,1.4028183175270514,-8.700230491699788,-6.610052234884525,-10.750582732055786,7.254888869413235,0.6539851960313652,6.148727555151717,-8.676947391909229,9.503950834511366,7.912559493663104,-6.5995337639002125,-5.8200212771878945,-6.13209936921261,-3.6511350594755756,1.767482132751525,-0.6286075243778829,-3.886693533214138
3.8164957861424496,-7.821882426463747,-3.021159183351815,-2.826760799323998,-1.040555132600608,6.141931927356918,-6.890523213579247,0.4171859117678781,1.466801962416757,-10.391485189005076,2.4883791127551653,-6.852825333132086,-8.855992968739118,7.767549801652509,10.90404102925399,7.044661148715337,-2.943568732360608,-8.352002422314003,1.9554776407397172,0.7559672572815377
-7.249508523968421,0.3792901940569357,-8.722590346338231,5.534579978530694,-3.4580109561452232,2.5127089823947992,-3.0792107314586046,1.1424342042385023,0.057508501246300026,-5.642450937137909,9.006199314378813,3.431279287884134,9.957720756811561,7.121502045536736,1.1035061134836481,8.034418832425613,-7.957913233634222,-6.137613162439198,-8.54738729708207,-4.832882751263371
2.9580548473532255,-7.755309031685485,-1.229836936822307,-3.6671181997570392,-1.8000513390882018,5.138126257574871,-5.763389701694317,-0.1855145705130788,2.460623591243362,-10.0495801355887,0.7693053195651853,-8.387732265663278,-10.922542308231606,8.45964172559161,9.011660349097966,5.536509934846038,-2.664318819345425,-6.818527510264187,3.3498575427986355,-2.990871238399936
3.2774887870924285,-9.165171557277446,-4.526046468327099,-2.4589543401851026,-1.7965764202700165,7.434688859627572,-6.641934237061543,0.24339608126494972,2.4043134740831404,-9.66227653440194,0.3043239902243493,-7.018172053170703,-7.669527584367369,8.640815618281527,8.466206360032208,7.093619171831943,-4.23849951255564,-8.556718533522538,3.834116619906447,-0.4261999155891857
-2.9811294888421838,10.103236725165688,4.7041588553235645,0.8954249060114259,-7.594930900411239,-6.200511844341271,-9.568694388353148,7.539981505080678,2.0678720747679895,3.5098512083150917,-7.444366024758626,10.032116065557897,4.623710229350829,-5.566763471665049,-7.025287120626375,-5.4794764681351,-4.707675879241946,0.3803921911778583,-0.856112348177228,-3.30966200186904
2.955475317919231,-7.367869770190648,-4.798773849426019,-1.007411216502635,-1.7347701563210305,5.739085301893266,-5.354218205222575,-1.3466463421448407,2.328551878646775,-10.126099421080495,2.973679818862769,-7.552168538173146,-8.00619910844555,10.083543811361379,10.174077187123991,6.419263610567324,-4.1390255594622865,-8.622977296207166,5.155695221060242,-1.8964453453756163
2.203132668519681,-8.804878745122496,-3.736407398277158,-3.2506839109588768,0.002546405154088549,5.70484491659468,-5.611103371444767,-0.6728801867429793,1.258959145813488,-9.52963038170113,3.007599518271322,-4.912140438448681,-9.504139892037285,10.054558889724346,7.142963243765485,4.973757561236932,-4.866503072719362,-9.399066409313043,2.1010721404555577,-0.7839512130701756
2.4354514116250767,-7.219305140344302,-4.674864476517857,-2.45496079437744,-0.40301187973069813,3.956623536514718,-6.545285194178901,0.029741797868643227,2.104461982935128,-7.877680739672919,1.379156223431984,-7.087479373072012,-9.21150225094096,8.176183154962125,8.965454166378924,6.938749182317192,-4.961560111896932,-7.618743324719419,1.982758300224802,-1.7582881216501791
1.8938519676045522,-9.295915225864167,-3.1833807984432694,-2.373965353804404,-1.6520561596927106,7.602254209215512,-5.919507876440419,-0.7514548037029642,2.705028798711308,-8.672943529090782,2.5454770235129858,-7.0152731309057605,-8.248472416516375,8.715952454845572,9.868582113137029,4.263002508318582,-4.341598079511776,-6.324402622064127,2.917593074842837,-1.8007884227011597
-4.3123372993086955,7.430150185192832,4.9070054872395845,2.4818947071706656,-8.460817893183403,-5.985071279199831,-9.32138880831945,7.470315927484252,3.6345208631196,5.058290871786441,-9.856840761989783,8.5070048178246,4.497037414679131,-6.472371105676897,-6.574630894685682,-7.319089330082508,-4.04641210790155,0.5719805156035255,-1.5859556089657638,-4.825419776862621
1.1999918208775937,-6.544753851926333,-4.953243832482133,-3.622826631592293,-2.322204577829045,5.2206093883997555,-6.089239380729299,0.5277804959329313,2.7995976215403333,-8.54409382193425,1.9600248184755866,-6.787713202633889,-8.188810671379226,10.250280907995236,9.438954860974388,5.6988161081188125,-4.900590617618132,-9.491762984284547,4.35093020228666,-0.6189716015684159
-7.86076159887377,-1.5809008659680226,-8.033948630236146,8.125558521572716,-5.017741317679285,4.147243019112875,-3.3434536807619057,-0.7272740908229909,0.8633002243382242,-6.638077862715844,7.647159666685118,4.8123802339850865,8.606438509267317,7.781596077061133,0.47576815254439375,9.58915028350981,-8.332253017853049,-6.042789674956532,-8.694812583449403,-4.281469638638384
-1.9726877794823467,8.115818146407284,4.66805999359723,1.9640506872965284,-5.793731625319692,-6.405411360395994,-8.863354715381154,8.14128921469899,3.4125077838814892,4.719261862272771,-9.57795749424057,8.086360810889726,5.583739152933063,-6.058442490789145,-6.97301285801727,-6.51888110591677,-3.8585052159121385,1.024821387001488,-1.4315984052167763,-3.6889155522129595
-7.410687399511785,-0.39819485173323205,-8.379162971974647,8.24994994613658,-4.121146539903714,1.4766705548771217,-7.688178729830122,0.6851484513942964,-0.4905600668558965,-6.515362592202515,9.089595514266566,7.090057069637828,9.18997538422739,8.062406035351648,2.794990730855376,8.805982287301374,-8.687826951950044,-5.008866821362536,-10.205204349677514,-3.1701461972011504
-3.0121723936040934,9.27777334352938,4.934102965241595,1.73876188362441,-7.663392856737667,-7.570650645592206,-9.754519672117253,6.491700707268258,1.9551219448148205,3.445691566810157,-8.906258048371331,10.885443198575814,6.068799574638392,-5.5138132858991,-5.863815545555054,-5.859907532012049,-3.839199872893158,1.2378110510044795,-0.8788506744770279,-5.413079618366459
-2.68226944733662,9.02986517577979,3.5436037493329,0.5331188013464376,-5.285122127926298,-7.727070941594274,-9.829720106092317,5.170132801894988,1.3833384871746734,2.8383617625134105,-7.946294953947582,10.40801413258252,5.960702470830712,-3.500781981090168,-5.381735168866394,-6.656741186439946,-6.414560855682819,2.786071205235499,-2.750672093921281,-5.820815942996053
-6.7937978087294075,1.3812584975274786,-9.066730895901319,7.931220870061359,-6.5290223261767775,3.1673121613581463,-2.9423552936494692,1.346993851123846,1.4385706525840027,-6.844209984451698,7.4148709863435815,5.007441369217556,8.485633960229832,7.5836180413629615,2.576555933199627,10.423161111477175,-8.106620757120517,-6.297074540773557,-9.354676034793332,-3.3690086178269985
-2.1741395939686328,9.3304420853811,5.109146426036627,0.4375975607336262,-6.1228385111642885,-6.267640799262344,-9.855010885212508,7.079442441824502,1.9829929472365444,4.0269547715191765,-9.254450147515417,10.82956382507107,7.730619543681264,-7.065436979865883,-5.741430665551939,-5.002976483395914,-3.528346620120043,1.5861090578307242,0.65117081854308,-3.15170764993218
-2.9436938504850656,8.705114004729682,4.862012607861814,1.4944210622772547,-5.623871065577749,-7.774716895495451,-9.02519940079737,6.883791857224528,3.4692781192179085,4.358006332432484,-8.556465574615316,7.9126366702029145,6.915903081877694,-4.86358699081104,-6.281216666582563,-5.2664294278659725,-4.432443590909617,1.9044760728303372,0.9377984964615651,-4.53825575647882
-8.549858526481682,-0.43965336646130826,-8.55324788223552,8.634486382588534,-3.2920199854120398,3.6709823929837095,-1.917669374106228,0.941378225279357,1.9963730344542532,-6.626425836273916,9.405979767175161,6.4136008710617665,10.402957001876837,8.625783957863728,1.874827804287083,9.814819729990676,-10.42212861524149,-7.502577253123969,-8.41381999812085,-3.4792850284815877
-2.2560323850147688,9.834630140810777,4.6062662715243885,2.4279105960818663,-7.396056835038841,-7.076576176704044,-9.04418718751635,6.5769445689584645,1.8455260717483934,2.6128332570571624,-10.079463861226056,9.113321549870216,6.3926730635130555,-5.994715232305255,-6.425264855718116,-5.852468284845259,-3.040638066676723,-0.15463659420350984,-2.5643004825468294,-5.217461608282264
3.952965525580284,-7.307648170704787,-3.8292959557215136,-1.7202849771733606,-1.6894942518595304,6.070333271145715,-6.747014463164964,1.1495132067632439,1.9996944251925823,-8.772539931618605,1.3682984406101775,-5.882485166643385,-6.614255219063393,7.9697990496384605,8.972881653843663,6.399554436497313,-3.1213184045367703,-8.606104005161791,0.8516302401003975,0.16223936895605195
-7.417639516364541,0.3787968069427152,-8.141567948377972,6.531183329386209,-4.239876316162227,2.982306547837877,-3.599140582899942,1.4613105933185926,-0.25998106454625125,-7.315555330932549,7.456262595577366,4.9534975254585145,10.1204111756626,7.775959820079506,0.6178746805669166,7.951805955887288,-9.718011662452232,-7.205528853348257,-8.706635311525526,-4.6672667110407415
-10.697749969338464,-0.23345137546853867,-10.454171396856944,8.246313298372081,-6.449521626882186,3.33335754025168,-4.180694756332108,1.903313388744812,2.3455624486112177,-5.517565286479176,9.06507877462996,7.488036862482584,7.236943553443962,6.492988378989312,1.8742164763326377,10.691522809383454,-8.432488865831697,-6.263587994826377,-10.537364577901048,-2.5474637994643343
1.6321511305194152,-6.712334477541385,-3.6196950264752563,-2.03046189911499,-2.5728562116543583,6.710125768892901,-6.576223319758537,-0.07313916516903435,4.48617312950105,-8.769118364879033,1.764574562581591,-8.794811899010076,-7.309204006348054,7.632501074258064,8.309201757991683,5.836594663241372,-2.491312824832294,-7.273317733206563,3.5268230204028774,-0.8886580615691521
-2.755260111182699,8.17103953288213,6.810821553725916,1.7972838715083954,-6.756422384366784,-6.328624217235479,-8.794725310263557,9.018573955929456,1.3996508731297237,4.356059011158152,-10.330780699782,8.07817453201918,6.03708372510315,-5.790254583482889,-6.792802880375247,-7.02433078280518,-5.321472604481079,0.4120230600160625,-2.8658200011886876,-3.4153612323495586
-8.282403741933816,0.27014444923920866,-10.107947241216243,9.932898673170264,-3.7972493321065106,4.058805236745348,-3.8854373806849307,1.9156411592767,0.7161999557444689,-6.3341723036437045,9.561667095040441,6.204479507765635,9.426886910286768,7.421421730108372,1.4250058567957486,9.07738765761442,-7.5149133750703765,-6.4736938764399685,-10.682642291467694,-3.7007094807429572
-1.3599242967670744,8.311109703072434,4.60489034573114,3.743970319576242,-7.506594248939037,-5.067661035279018,-8.130575821180535,6.7610561396044355,2.6547079739196966,5.134006005547639,-8.966500151866754,7.82797232334943,5.921715640183567,-6.000736421985982,-6.437934084958034,-5.711237705380646,-3.7374541398759917,-0.840215726065344,-0.980901776151722,-3.5648314507553382
-7.9576805780937905,-0.5431048445892027,-8.69995976759024,6.626972262449417,-5.902121113791264,3.593604241277057,-3.142834447798472,1.042902068492228,0.147169307932294,-7.281176538755699,8.885057721503253,5.742529219507016,10.275456200556333,5.849109822782225,1.737270819263336,7.104806259437131,-9.8823926363151,-5.113386106272279,-8.5508296472899,-3.0439598687874505
-2.9964005442476775,8.662364810381812,3.869882770030644,0.6770530196908375,-7.335748018625458,-6.698682973161976,-8.243298290800446,6.766099862390382,1.6093024127207416,3.234753247073598,-9.619749284458727,8.549768409049072,7.221980629249636,-7.539084278368588,-6.72313032831045,-6.030802463739581,-3.731320624486741,3.188162296625254,-1.0112996025897776,-5.179471792881172
-7.087844040339433,1.1754377476493472,-9.03424713747671,7.338934151010578,-4.779848202428511,1.8843316061459554,-2.707817764372988,0.4832047580857551,-0.8339513248876389,-6.6035852499331416,9.854994065525403,5.169608846246769,8.51408310984361,6.672144801505704,2.5245405633033586,7.789015500443197,-10.386595335966643,-6.4516001222874895,-8.114304506218886,-3.8803228313346603
-9.683228121230059,0.31715445979708423,-7.176642847618266,8.468442260784984,-3.173827404766814,2.621233537550198,-3.797825972375494,0.4348851259448038,-1.2833854924931778,-7.471088717339659,8.294817475907186,6.324722545254819,9.662131936967837,8.22058345125951,2.7821024730774084,8.273335287740561,-7.028218289422067,-6.071554308985024,-9.037590174362483,-3.758986017997124
-9.327366335811142,2.896348772286045,-7.566370607422496,8.90908286646394,-5.577604149590632,3.1368535253776755,-4.309198907988297,1.6652163626526046,1.1967084777174268,-7.087074747849291,8.92093745616639,6.6238446097921955,10.390076678104261,9.424878572039221,2.71503164127568,8.184859831659699,-11.47166378429073,-5.783182727808874,-9.09728298063334,-3.353411288413359
-4.8373231551979305,0.7479940742970694,-8.210491715909424,8.678401528412138,-6.43065715640162,3.6454036574029476,-2.692848863704434,-0.45203905048289517,1.8995322540267194,-5.59857467963538,11.243732600104842,5.0848734547086725,7.692367849008056,7.53491889918043,3.393570569385326,6.609078819620372,-10.298525674392643,-5.990947472685482,-9.538043514563396,-3.485665491559028
-2.44472320824263,7.03881956184445,3.700543442409347,1.8290821282191165,-8.089321933992377,-6.2801808632797425,-7.307576924292313,8.54228476719602,1.8088573639339676,5.652177692770861,-9.439642656881839,9.061111072121847,6.0354501524674955,-6.055687472922605,-6.751677474399217,-6.161493580555836,-3.754581159759381,0.49817465279817175,-0.9241614574113353,-2.98477092125282
-6.986763891324688,0.5545038810048452,-9.43021067230301,7.029411585911278,-5.506475166023445,4.402794326041566,-4.250407042811862,0.5447780542376924,-0.1414448967092945,-5.966327844030424,8.934007993612095,6.549369180998054,9.563536537490597,7.400841061978076,1.831335548874039,7.886368460421706,-9.649583155506619,-6.937785181164312,-8.897236894068419,-3.1681338865051307
-6.690436964798874,-0.07335745177386527,-10.29016841324827,7.573985150674774,-6.8034190614893735,5.277262803122033,-2.903023886259094,-0.42871007157302066,0.652360737468493,-6.939787363695892,10.93423976666529,4.082779302951362,8.904454890102562,7.7880191659881275,2.7848382069308166,8.33347547273764,-9.988358835617046,-6.331460586259537,-10.067616439732564,-3.413813838178152
1.3364675419115282,-8.342907738226907,-3.806736812909299,-3.517087171309237,-0.776115673501073,5.2206916370533545,-7.787682771298439,-1.9457792508522265,2.074975625735447,-9.632549491930671,1.5978072211146341,-5.893653687160384,-7.525525863661965,8.705166023704857,8.972041954581325,6.668089995443105,-5.264660186232162,-7.823404665124625,4.236546502065291,-0.5167199167903439
-1.8289815176023008,10.206793640676297,2.8612912522215845,2.292821509859709,-7.383807022158941,-6.961632266377593,-8.490651273097674,6.836294351385151,1.346592155702564,4.195603973408933,-10.675556052946753,8.312371914354701,7.328226098964939,-6.902011821593133,-5.697188154948776,-5.869318510077372,-5.640961869599842,-0.18243601969089784,-0.16699022411031272,-5.156582727178843
2.5933106831536734,-5.948603534423647,-4.824296114073142,-3.405732033249925,0.21746959181811798,6.128840536190383,-7.551461703509564,-0.25461624619103784,2.2346740310889106,-8.233227524053456,1.4716663848358114,-9.50377351607111,-8.175744954557377,7.75739005512269,7.295301863368776,3.3356210373450805,-3.0937437563348453,-7.917940269467355,3.4590041495308856,0.1920742377547886
1.636672201576484,-7.070469097393812,-4.083770284517501,-1.7039932384448127,0.08857780677966898,6.197496610065918,-6.368871914378908,1.026511062662359,1.7563229110378031,-10.152906114313177,1.7476092461178276,-6.504990542469845,-7.788752356629664,8.794182572909513,8.10344195025158,6.224688645626041,-3.794268576476034,-7.8607200909695685,4.604532046197567,-0.17802688511807463
-0.8757660907516542,7.8679407351796335,4.942514301467135,1.2188938339213742,-6.943765537744262,-6.551347182972466,-8.516970541185737,7.745443669733988,3.6360115039228225,4.614985857434888,-9.8324667493746,10.362284211528243,7.838323304933076,-6.980825601571469,-5.76610058600813,-5.630737060620425,-4.212718644169238,1.8708354459563767,-1.5111552141902118,-4.049840742567619
2.1611864437625665,-8.89479036418555,-3.966190505151926,-2.7090937421685077,-0.7316650172725927,5.181387657840281,-2.929663986652302,1.6448046684525455,0.603748877156127,-8.838123658173147,1.5428908950914428,-7.603997252961584,-10.039040211418344,9.40992743582592,8.631260426421614,7.135772986354425,-2.9139424020021476,-6.672643334660872,2.8322737641690336,-0.7215845145159628
-6.564883783289,0.8058096021688563,-9.812102008106484,8.729440320865296,-5.0582981684532555,3.0543524764027024,-3.356093134465231,-0.19563316486471616,2.4272086913087962,-6.463041029087396,10.010053121550836,6.958256946479589,9.821632605858959,6.487627905862451,2.4028954712315866,9.288204094922982,-7.338286936800861,-7.193637585731727,-9.752489458806563,-2.4988351489930913
3.403428440116842,-6.6791471249950725,-6.335318349027068,-3.202230097633174,-1.4404424150109796,6.182880181289695,-8.631341413206918,2.8336984769899547,2.37931747213506,-8.922114941682354,3.332464754447913,-4.2458634734415455,-7.828221495706006,9.926523841538286,9.44333068595557,6.026421208962273,-4.383520060537488,-8.872669711586864,2.9976464305436403,-2.5475060895509563
0.4680075907081911,-6.843376379066906,-4.54098177062642,-2.470482726504947,-0.8964952926676306,4.7271191791964755,-6.051778658797142,-0.9484125367426226,3.2392637352422504,-10.426962090460009,1.9551117670601852,-7.6317891143014185,-8.128546966933614,8.646279373785163,8.793973941869977,7.021148507380776,-3.8782940248550344,-7.529913273936354,2.7033345937256725,-2.60176706913548
-3.57159115119963,9.44259322540597,4.452734571223552,2.958899679620595,-5.692241139586519,-4.290545951257332,-8.258694583422434,7.649319232080869,2.2166845364415115,3.8082852631102204,-9.24982627062226,9.102795633100857,6.81731379227805,-4.435620250826517,-7.370043221137629,-5.192031241802278,-2.59804007346938,0.37706010565367853,-3.4829545261662798,-4.783239183133594
-2.9592630945319938,9.63713606054582,3.572258406845507,1.8307901989194386,-6.759331559439371,-6.365670759217197,-8.12671287854712,6.198880823660834,0.48818606412855337,5.439128377819418,-9.25599610210436,8.649710506683332,8.200004791530958,-5.637543152141618,-5.184203471794161,-6.264391321521215,-1.8544072159272584,2.2504694750879617,-1.6100637756367586,-3.2038462450848058
-2.3398367990166724,7.600571631293342,4.528652774879401,1.0692620424759423,-7.615157133741037,-5.644016418065509,-7.7470176360417415,7.9326610364058805,0.9299874701915967,3.845043106226107,-8.375212414104768,9.53991395687979,8.96818235599013,-5.359899947040105,-6.171451539367956,-6.641026267133825,-3.781614236026963,0.34265879626421336,-0.6529909504690947,-3.218714879244577
-2.426757870118247,7.556734628733391,4.330669759178238,1.2210132783501488,-6.56045268073209,-5.539659147252802,-10.713500226281756,7.43854899464612,1.8621674392975351,4.832791632371374,-9.375113485846262,8.646227711501068,6.3297988803418175,-6.549243643237966,-5.2874935172593895,-6.310598154259382,-2.013964455056238,0.43446781883013647,-2.069506394068148,-5.689131588651988
3.8518366851574415,-7.5321509414512215,-2.8316749202005584,-4.079578143623705,-0.2926961144946314,4.966749091912651,-7.421791548756993,0.5032228106831782,2.8577631658368183,-9.915933184193541,0.6518810775703652,-6.681362290589125,-8.78640346907159,9.526030372621165,10.262235232855675,6.108531781056727,-2.0522213017383235,-7.82232297533703,3.338234024236238,-2.808517484310801
0.26973283022159533,-7.231367566235405,-3.8635694993269962,-2.4233454464411244,-1.2052735631683245,5.828271327524208,-4.491079548480558,0.6664229372347419,1.4749229522377654,-9.571189562696041,1.9810446803510358,-4.95277756442353,-8.882268849820607,8.957916400545958,8.830327090554885,7.266930319771186,-1.9478873617879118,-7.595944670440933,3.7674334340285633,-1.1601672920337383
-3.8868669910098412,8.0764610882832,5.154914103436761,2.486955634852941,-6.3645795048452225,-3.0273781026212254,-8.267437245942844,8.459088555679301,2.976301998357378,4.812842807226707,-9.903579358724297,10.157166263733153,5.876027601470864,-5.990036393174486,-6.848864203687091,-6.250035663545001,-1.6004965741357369,-1.3721365599469908,-0.6748394367831717,-5.788133067228813
-8.339041978842024,0.8954645121123583,-11.195213024367359,6.662810230907476,-4.842534611507744,3.5437301160844923,-3.2810438302428566,0.09956193015996345,3.4645752555072824,-6.530803448255293,9.16090640318845,4.7056697984084135,8.913885647804854,8.511508240599749,3.161577630755162,6.948200436022117,-8.476145297317311,-5.633639140807952,-8.508396687194704,-3.4868447269301734
-9.775057728125091,-0.2918966442973602,-8.47574543973069,7.118685464537098,-5.575120702492475,4.043156704813305,-5.242435701729834,1.4591614310981347,0.4020616966924909,-6.691479109980662,8.267814150165577,5.880702727650174,11.249850816313163,8.678044248013608,1.0937143142811667,9.573105285953812,-8.54682950489586,-4.705857770189536,-8.288777819624876,-6.436534950206446
3.169492765402257,-7.625223075922532,-3.456406417175053,0.14189131034638702,-0.9829431086461724,6.096826277865596,-6.744581440494198,0.465939930874283,2.3085630022231536,-8.876149405329906,1.1312017183199097,-6.383155754928719,-7.236772201576773,9.426346509581194,10.274627850563029,5.930934992316594,-3.1578243771088763,-7.767289881655795,2.7337498005559056,-0.8784291204090986
-2.327331367994255,9.262506714498658,4.180517936687857,1.1233253144759403,-6.049291374607025,-7.736193419184814,-8.766761519416617,6.845865468733587,2.5012800606105676,4.495113661207857,-8.550770169826052,8.88818064438514,6.378977880715064,-6.731981502216784,-6.807793915934099,-5.954609309886472,-3.1581665241638937,-0.42703669153286816,-0.491493707052025,-2.8197793372342104
-6.362056771642511,-0.8675039549158009,-8.311409079927218,7.404735969228755,-5.672027580496546,4.069040305422853,-2.8438421002041636,1.2527703603188707,-0.3815918213525482,-6.76886186756151,10.214681147294494,5.544198307786186,7.716285985086318,8.354864947678417,1.243192317230232,10.232009548854547,-6.685308496543351,-5.476245325261528,-7.734447517019466,-3.4286020346113317
-1.5560725776766635,9.527371548295614,5.364974623076098,2.4893479710556905,-7.5211087863742225,-6.448187048602006,-8.037918231408328,8.077814245312277,3.2112136063388186,4.869755403121973,-9.236861906542368,10.468347281556314,6.6223315567593755,-6.635092437662195,-6.526567619801751,-7.0768124477377725,-4.590333415783627,0.35060996192923943,-2.1535195481576466,-4.483378725678201
-7.7522166708651135,-1.8785768797594251,-11.655268679347472,7.572369880026232,-5.022473998149022,4.551071088135599,-2.897973018669335,0.6287655025478369,0.04436081592445129,-7.263690447734349,9.645820242362607,6.199707446062018,9.181860093529368,6.86194904894632,2.6086672050137887,8.863395667563747,-9.300816365151787,-6.864663721917351,-8.406958247227672,-3.7279009198806037
-4.065826796576654,9.62029607954396,3.3594494837318183,3.727963865925097,-8.961556599034992,-5.183653224985909,-8.627310289433392,7.226809803628311,1.477381148055226,4.56058767027298,-9.625944816508799,10.501498925256408,6.763080464670475,-5.6029160249725996,-6.727112868071844,-6.388855426652391,-3.607353371917186,-1.2150397600118683,-2.709285049263398,-3.4321531020164464
-5.256702465777985,8.514555952046692,4.11363097971068,3.36150746214918,-7.264649002864134,-6.497120608535019,-8.697070616548547,5.192956435691503,2.790507451495913,4.3768480613771965,-9.080041474409361,13.324434749676213,4.564739876509847,-4.028521136673368,-6.6509481752583435,-6.044580898528315,-3.9606673861104875,0.07089229924671375,-1.9309325553964438,-3.845908460466152
-3.111409683414531,9.483060384273346,3.64149339703981,2.2749615837601977,-6.11354691276658,-5.653176369391639,-8.938481833115963,7.119849165321737,1.1443176481076147,3.3345712018810487,-9.814789005985478,9.765562550056064,7.562437442241685,-6.556396737114822,-4.870812086898466,-6.6030334039738925,-3.9365224351576815,-0.2520830465030661,-3.7853398874306268,-3.2913717996781116
2.177403582455398,-8.91178864524658,-4.966831865062921,-2.484962796083644,-1.665774385646277,5.906878687859041,-5.324780948017664,1.2471916540723342,0.6221120194281664,-6.874345690621091,2.918376382582897,-6.591231679923234,-7.6094315572177695,11.343118517066639,7.873920560434318,5.942684319837868,-6.286156276405915,-7.853906187224297,4.050054772168278,-1.2361122406507326
-2.6819993604492147,9.786206283034996,5.0811859879273475,1.2400134868307355,-6.65063079869193,-8.738011044674234,-8.235080256064617,7.621681381489228,2.660960403507278,5.219569881008059,-9.22069027387424,9.546286463038163,5.767784479347143,-6.465438550083528,-5.176766035680656,-4.895574397225345,-4.153265577121299,0.5411313798980314,-2.2657140021514515,-3.0026603507717162
-7.435806121400775,-1.5546749115933467,-7.682099612821222,8.556748308904488,-5.413654098794729,1.9970439687846218,-3.369864257253735,0.2841884185818408,2.5083523728980017,-6.648818170156287,8.554311765608706,6.39845268545822,9.715260724000615,8.06519837616317,2.6343566238966107,8.399797579720097,-7.996284857952363,-4.915351869053173,-8.470135887767736,-3.6626678230673373
-7.307040448870136,-2.0667703791259973,-11.515142930901352,7.965842101308328,-4.57749430458305,2.125247859341917,-4.854471888688122,0.9628330533823493,1.4970600673227237,-6.4406519498773855,10.171894276477246,4.328454171502145,8.434043914196812,9.544424614336648,2.0263217061615197,8.563797215049334,-5.92420337299387,-7.479684917465867,-8.29902385514713,-1.8294071049266132
-7.808208958385099,0.21766769867606967,-9.628312538818605,8.500746724707072,-4.385250234299244,4.083625118349822,-2.4829835093728,0.47936784203507377,-0.37357097828206776,-6.648014986308649,9.435755122697772,3.666887711045201,10.178643351386265,8.038924921063442,2.3393524108019874,9.8030111629886,-8.860292789103957,-5.506300820733065,-9.205318344891175,-3.677480251750632
1.5813701749861462,-7.445834031815831,-5.096570271281619,-1.55351821656207,-1.1730560732473145,7.156274772986456,-4.477776506291898,0.2036428035504888,0.8398426446935001,-11.156889623333383,0.6788599650019749,-7.96335235115283,-7.320498512832905,9.093535332293612,9.702245185583175,3.9475259533940954,-5.1056910457498486,-7.159477943426035,3.9714346426257237,-1.3441554038935704
-7.528171876705492,-0.2582290789402653,-8.981362549289281,8.936174670064828,-4.215161537109909,2.9185808252576613,-3.440996884101666,0.8813001647044949,-0.07298940066138537,-6.134680348305764,7.230388668988811,5.985190177043476,9.450321885846463,8.644093134339435,1.5629527240521348,8.746531535486369,-6.806196113420443,-4.666573103325836,-9.1246269210158,-3.354073754005153
-7.365828935914706,-0.03676991719486002,-9.206046658255415,7.548599348715706,-4.882236980377256,4.378233714191286,-3.651807810084008,-0.3920993063272551,0.009120966386957807,-6.753112781155302,9.465555989702052,6.696243002698553,7.449490189917346,7.576720730664219,2.102309595656781,6.6037789328329,-9.063748241928016,-6.760231291353282,-9.891424595639737,-3.301503839713065
-5.038757700747054,8.717678669128523,4.881200771144883,0.8221556003212249,-6.49330387333971,-7.084580814262068,-7.082852058320521,8.896542640713559,1.5564946657460128,4.010613844354213,-9.662257679692344,8.946537567080263,6.843877800036562,-6.511499855322067,-7.494115990795514,-5.709198579031055,-3.285625556587435,-0.3091871270152351,-0.4657441963950856,-4.806994925204493
-4.662540542923995,10.111438839952017,4.1610413802196975,1.1103939198976114,-6.186148279237276,-7.272122233195076,-7.778391372589389,7.9405288650754,2.705869558064653,2.7954958447203744,-8.376366128697551,9.659447574473742,6.279575676762232,-5.609829319092226,-8.139735888756308,-5.9232569914506525,-4.944526648991317,-0.8575416531987772,-2.8834588133755763,-3.062728821049236
-2.954700144453522,10.467670605316023,6.219450981958814,1.4503096567874638,-7.299814008247127,-7.161894202136454,-10.182778267670287,6.404870969014505,1.0181594681121078,3.39365399081678,-9.622995001470732,9.632411775776406,8.199353308822513,-6.751571827173268,-5.379178257381404,-6.545898647156832,-3.9646188504616786,1.169948124811361,-2.483821648719984,-3.7930074498551107
-2.5147936418817967,9.683027783790834,3.548177960088787,1.586069981466331,-6.184089433585493,-6.031007482532803,-9.132294704300193,7.251923663640636,0.5044264881833662,3.8044223551142995,-8.697926950564165,9.973402059346451,7.149518537389645,-5.703444099253517,-6.356437497229811,-6.99223094240477,-3.2163267206067108,0.9161015770341471,-0.8690807791648859,-4.7014520387067416
-4.9808421231800395,8.217390872727846,5.2169509634086415,1.7701242978977394,-6.508481317779961,-7.484094779991767,-8.751737969163111,7.167845680106623,3.190082296523983,4.415872399222122,-9.250707452008749,8.98632007711742,6.161246591935942,-6.185775974254097,-5.969048513479691,-6.752894283751587,-3.6253802839128326,2.570529431290196,-0.48997492372599283,-4.501440728207003
2.9975640140317323,-8.953070317445828,-4.764675821075193,-1.1045807045988398,0.5691961027985855,6.642159250539217,-6.182636790792668,0.36767618708474253,1.7173655721147232,-7.942751962331208,1.2750546315336564,-7.395317181138375,-7.6886935534583944,8.933349289555105,10.691108016944995,5.496434755348676,-3.962502976871412,-8.968970704716275,3.6920232116667044,-2.675497062206772
-4.040305125608472,9.528540884216156,5.211936277942246,1.910978666941421,-5.755273831280768,-7.214186824255887,-8.27372183074241,6.303858576806587,1.9987480839899376,3.987097298018073,-9.363002192043009,9.028670114406527,6.517380220336768,-4.927170614992971,-6.800264893096205,-7.938486903670003,-2.165571236603825,1.8765827113352438,-2.6533623222633036,-3.485709390793967
-3.1584751681187573,7.790345861436065,4.673962304487327,1.2031964528820902,-6.645841279360522,-8.436005239479574,-8.507447524421554,8.157051877107628,0.028564592292720237,4.535508125768481,-8.360641121610659,8.188556024548681,8.32142520284614,-5.334198777068432,-7.0685125116163965,-6.387678880589029,-3.3568282282875233,0.5711340240571687,-0.822343634711316,-5.096090789118527
-2.1851405948311897,7.866594738382654,4.725088285862002,-1.0179662869599913,-7.066523349313255,-8.510582836991087,-7.632333240089194,8.100930268263214,2.4889712168302567,5.682457783080289,-10.537226634908789,11.145560241155444,7.58104438026882,-5.9897730736534225,-5.227880508675043,-7.438203315342958,-4.739669302336919,-0.11346109059494314,-1.8900773352217004,-5.231974838799414
-6.521222775788461,0.667751405564259,-7.584265742313867,7.717061575148931,-6.110264385279376,2.744955931635129,-3.556924935677449,0.45957315064127274,0.5407676905910426,-8.212108348466701,9.862175551420279,7.475000946304491,9.254230069406786,8.505682527606488,2.530444882376804,8.834531370344735,-7.298483992093515,-5.68496907043143,-9.408131391442515,-4.289382294743467
1.3417035207883898,-6.147269093925947,-1.819279283907337,-3.533519935827986,-0.3443924532846059,4.976777322978253,-4.965570183035016,-0.9805696408129825,2.3288781356685626,-9.943980712489397,1.9439124489303976,-7.620542801401477,-7.876617669398656,8.140730390627079,9.864604920823014,5.823848934066889,-4.02219698833145,-7.898801812472193,2.9228358585842886,-0.9865830116670862
-3.2951870835606996,7.683053174640543,2.803673463124805,2.481161010853276,-7.982993797325143,-9.03300018622843,-8.449749152105046,9.816522432931494,2.0162293233242825,4.9999423303725505,-9.506480755536385,9.299307390048744,7.567929298996204,-6.0434923306231285,-6.096108341786085,-6.01021199673531,-4.583245594452294,1.4871709821812802,-1.5360593838530938,-4.931162355532006
-0.9286569364843766,7.999191936370453,3.829021325017763,0.7155918250261157,-7.113647050258251,-6.413751218829612,-7.8509932400469085,7.247571891856181,1.7024527116093318,4.313209548169649,-10.423453015713974,11.487735764934659,5.041191788890377,-5.568477207538752,-4.339894436628349,-6.325109958371326,-4.10519417581074,0.13768320983433008,-1.541491308920093,-2.802568721362631
4.618771426180135,-6.382886679301739,-2.9972670629072926,-3.1787293331140214,-1.9044684216287568,5.765850577479396,-5.89935444157321,-0.7938239730923646,1.672996847336837,-8.671674143880914,2.5112904330468466,-6.085229672869898,-8.408003410156967,8.47070208579661,8.798740034842345,4.968995564335345,-2.122949577347492,-8.033107355253028,3.4598074744482856,-2.1257422066604317
3.8274614630212285,-7.779270985631697,-4.954220595520618,-2.631838385397243,-0.4436592772913819,5.309532546617152,-5.468756166464322,0.5910782503456466,0.8499846019497949,-8.552198728148324,3.0144252805502876,-6.418048208663779,-7.546320037032717,7.7603069515697145,9.780591083623039,4.9976662559324465,-5.021805974765674,-8.677488553610111,2.7426003466688926,-1.7449459439491108
-1.2048573801745976,7.351794140162648,5.672425040569759,3.0998748207683153,-7.9705936213664685,-7.2909238812305315,-9.944032425121947,7.108601885209968,1.7142659506784343,4.941112088190248,-8.278001367964343,10.793880854029842,6.086684789430134,-5.962439660179005,-8.046938848078938,-7.137779869427512,-2.950303507711788,2.110711456192989,-2.595448499037607,-4.767881455192056
-1.5458214938084285,9.42706705513482,5.4619389962225915,3.869962666594679,-7.125015307154141,-7.633845757633436,-9.727842186261533,6.507712630533264,1.9451985254500714,4.502603530737553,-9.311619314753932,10.22538029227591,6.661854707886342,-4.29968370927716,-6.628157489095944,-3.611740636341705,-3.2894877930442394,-0.3620289237715253,-2.4319921252187973,-3.692944780795976
-8.301621673535157,-0.21245887009612985,-7.414342285036927,8.072595503161885,-3.73917810433803,3.289000855863958,-4.249437115649349,0.15463599944177572,0.7657858748367118,-5.699265150528721,10.766303822867727,5.862337314908612,9.977056510025538,6.931757270923289,1.5433690674076719,7.7131821662546685,-7.915705368086757,-6.43930113679651,-8.365681284755045,-4.424395096367154
-7.102985814575891,-3.141118337017758,-8.290594363868024,9.622776075819397,-5.8745869053613315,2.278147442344806,-4.216031865990052,-0.3546435959003885,1.1581324608121992,-8.249436175848324,8.273764947254433,7.0418536673971985,7.861758863935765,9.1399752866559,2.313337771811839,6.628216985874077,-7.594820763745403,-6.1980100538099485,-9.550921278038981,-3.248436291562709
-0.9160109964133532,8.503070451767137,3.6502740159695204,1.8473827638410838,-6.823902278862575,-5.785918074804998,-10.53079238635083,8.853073234959316,1.8642923362851862,3.7345704859734887,-10.600414489344118,7.743340371374117,7.47202339997035,-5.679899819246073,-7.6534615555990415,-7.6269885749949395,-4.250939840099374,2.1641501579341504,-1.62069097852129,-5.678560149157267
3.0793552214614923,-7.186926808401788,-2.806091276808637,-4.185292099425041,-2.2093054469902067,3.525551495665585,-6.705938896956093,0.4463872949769855,1.951149955173184,-8.921649834540165,0.7398402069626846,-5.786362783640148,-8.459340622055413,9.710765026532664,7.419878483901135,6.479437821127012,-5.095489856450113,-8.443880972423683,4.219025428879521,-1.10585651895206
-9.017993695635116,0.13867350159159222,-11.296917519141543,7.919270555633888,-4.384046374121748,2.7294771358485446,-4.816216106967747,1.24747889285215,0.8307427970186695,-6.79248153652013,9.433588476445449,8.13932560916788,9.943481681065327,9.059120676740815,2.3935458952140665,8.603969973039481,-10.626232247292027,-6.759323098080228,-9.576028634991713,-5.368285448782245
-3.4615140037915473,8.33729098973979,3.8672193909572776,2.803361495803342,-5.979228602756207,-6.428884273957438,-7.654834089746083,6.1454820481223225,3.689524346415313,5.684690177633167,-8.852688116838204,11.179995952010946,4.992229608330662,-6.277665922697128,-7.09880411653994,-5.6104304791739805,-4.965295880411391,1.2526237819822428,0.009436516839028242,-3.480214295955162
2.6844518315165655,-7.711356894749375,-4.605649865823498,-2.4342081803524267,-2.1691617376054992,5.56026031249608,-4.909977238602552,-1.9065650828930485,3.3827734790353645,-7.948617526896886,1.6911324221982902,-6.04612669838236,-8.695820413388082,10.20770111350535,10.295323804261129,4.767876239146212,-3.32046220306841,-8.25218557351557,3.7674931007612376,-1.9251220261777886
-2.9736018853621378,9.476347021450218,5.423269345510697,1.7216307978962364,-7.477137385842911,-5.457739731577439,-7.099428092838432,8.302380966280499,2.1076183774292,3.3531858342799827,-10.418754520640515,9.920711148505644,7.06725103689712,-4.351619193488047,-5.713050563321849,-7.834990104691141,-2.863207523086327,-0.5029319946696557,-1.7450708991100368,-3.925216989787467
-3.089721072857473,9.60286453261893,6.309783340579507,2.3678412137637133,-8.075510253186454,-6.435506925055806,-7.6416962699903594,6.713740011179321,1.888283068191258,4.176139750650106,-10.37320842716619,10.046477477083744,6.527904667400654,-5.333685342527449,-7.250992833660088,-6.769368103254734,-3.192773782981474,0.12229548055299028,0.36586422407571995,-4.575053381653763
-2.5128001621433187,7.855921439005779,6.143277137995252,2.8505319745164033,-7.100591364980934,-6.853223754281416,-8.629944948688458,5.2817880470744125,1.7751228523435787,3.47946730792311,-10.589930123978867,9.117096750353932,8.446539342857958,-5.112374925167467,-6.934679645640784,-5.7593270215751655,-2.5157997042232436,1.419762315557526,-1.301469257237511,-4.822353973744735
-7.697570585120801,-0.473885198904926,-6.154458294651334,9.09319531450804,-4.411252892047039,3.0172371888732465,-4.216997305155657,0.2705598298292606,1.2270344304522764,-8.18334643355254,7.822302959916488,4.865774078283334,8.997118268062351,7.657273861401124,3.4361208023211867,6.955087913466566,-8.98149542856498,-4.560251010625994,-8.964334897114092,-2.6085508019335544
1.6864708274468834,-6.700433555734507,-4.971505216741961,-1.1719201038457876,0.4742002192374446,5.236945156657496,-6.635194603863666,-2.3334444304200472,0.3667106056894818,-10.410461520557801,2.2860873790161524,-6.9157512306955296,-10.04430362770965,8.69654670260211,9.817977809138537,6.695786312244809,-5.807394897391468,-8.174821200356153,2.3013197532715273,-0.29522142806769913
-2.284512897300864,9.946876960071412,3.2215131032950697,0.21236087195995612,-8.405283505721364,-5.617525489848765,-9.390185902528458,9.881722201166955,1.4580526362067872,4.346002859117946,-8.046200161516076,11.40428993139901,8.710356392644833,-4.544851555841334,-5.339438130046525,-5.739382853730141,-3.136794064642608,-0.056057083683776154,-2.1792985105799922,-4.178791653450113
2.9927237331919043,-7.432011058251431,-5.506880098676868,-0.9045938410663825,-0.5586351245141175,4.2965758273471035,-6.44837328407363,0.3955751511006504,3.5528834705382266,-10.179104203858914,3.126937757384713,-5.190031099281827,-9.32762244536898,8.700197126206433,8.276331414117417,5.964485821248917,-3.9443145908755177,-7.386907721789951,4.774844001263585,-1.94504618982962
-6.892169830376069,-1.6415182051810315,-9.675541586084178,8.482980718269951,-4.2907051199934685,4.743398309833468,-4.156803145077357,1.8808421854170891,0.27518176020592244,-4.974264477944815,10.209159681989544,4.5891978875900685,9.097018068535604,7.845311173020784,2.583584169896703,8.214213112029025,-8.537396184623342,-4.711248168854244,-9.194175116244912,-2.6669710605429464
-2.6793822455776786,8.561058078871046,5.336266283684816,2.9284748925112427,-6.791220304859423,-5.402579512220685,-9.980016870769516,7.129863456218985,1.3054779142613708,2.2949149388478487,-9.670990799926651,9.276449534856603,8.162302559250566,-5.122406101879699,-7.387687480187193,-4.477817236597136,-2.6941214452838924,1.0772263361133732,-1.5875837260075172,-5.134856432762641
-8.48158663216634,-0.915848628273387,-10.50117069574898,8.628168691225122,-4.648796818195292,3.0984945636076544,-2.956519850088482,1.6336890287708803,-0.5914568224212491,-6.899882917390574,10.211836149414232,5.034917783363709,7.991772754925629,8.91508443620337,0.6684995064977224,8.13590489267123,-7.901505933156801,-6.654162665527214,-8.312298565776064,-4.062270359932082
3.019187895979049,-8.001022168626715,-4.936959975517276,-1.5907783248762237,-2.2281765272108127,5.2883054599550015,-5.972496945760573,0.396061370112285,1.6691980922246936,-8.675171964504122,2.843752793846578,-5.8548799807948395,-9.684771948962236,8.693555647137869,10.507403523368126,7.062594149903093,-5.280584068013651,-7.69507781952012,1.7064352808683272,-1.1500152231476035
-2.6485948237159844,9.753939279922992,2.7305227487208086,3.2914720087934013,-6.806946666821929,-7.291602737838127,-8.92756191085746,7.285952270519222,0.29109893141925025,5.656389783374145,-9.546984481813332,9.841199173687261,7.6004025865824785,-6.774380243994777,-5.890028756822759,-6.599550893830117,-3.0683843655927516,-1.632098787706738,-1.4601939273989542,-4.778237851823123
1.7534407548921531,-6.36834201217515,-5.208327059078139,-5.20453245037698,-1.1057063234402065,5.561761673832734,-5.8709609404180965,1.0132074117867687,2.4858971894720585,-8.812221940356123,3.3464284261154758,-8.108487307067485,-8.19438632581702,9.604249108403609,8.073078375410947,4.665076353646832,-4.653666743008188,-8.708099162387613,4.438079993745568,-1.811488908899068
0.718147069357522,-9.840852923788226,-3.7687313000654687,-2.767587365407038,-1.3933829905740225,5.947049432046618,-6.066928086029714,1.412469018906131,1.9344022454998278,-9.817915030670212,3.1410632769880555,-6.806648601200372,-8.172431456622103,8.500300038873865,8.662813775993751,6.252115192514918,-3.8948959729889014,-7.5667306845054885,3.416014776933395,-3.0333099089783704
-2.0769346724185946,9.484330315566524,3.9322529414060754,1.2609958197646884,-6.9902925597086,-7.776751820591155,-7.996344061183883,6.954315715051257,-0.8846879844574658,3.786629499299103,-10.626853934927924,7.766921227778941,5.411426177785863,-5.643809314601507,-5.034859827609757,-6.018725329066344,-4.521658529024985,0.95103282781546,-1.820189937376677,-4.870017565202306
-1.3126261213882588,8.855756555171352,4.6125742967181695,1.039901724867536,-7.32290944234278,-7.764912307302848,-9.011273816559433,9.035231395641047,0.6503990919328193,2.5478901580441677,-8.117139786590343,9.18887336608802,5.9797800773485195,-4.7133130990384,-6.969116195594852,-4.5059000893843875,-3.2372292694699762,0.0072172244990545975,0.7962085861078183,-4.7811321190425
-2.318098555032847,9.06072267635447,3.2800226952481824,2.719423249967953,-6.234143010010195,-4.716854869970486,-9.14610599158901,7.542673243162642,2.271683918574931,5.738904835684384,-9.683605646470903,9.677218569010225,7.256749325724975,-5.566608663278119,-6.809934270408516,-6.137819810033016,-2.8415233909494733,-0.531386666766303,-1.2281299530108092,-4.875538010978334
3.145020208074639,-7.086642977794568,-4.281392806458073,-2.884147363944135,-0.13198895105712338,6.029097044647343,-3.730698929185168,-0.5675358747250916,2.3663930792708254,-9.600192755411557,1.2816100510401225,-6.600384663289142,-8.561615660887373,11.89588430012676,9.128494845807985,5.037768232844538,-3.634713899038201,-10.12119775741869,3.5927037476388715,-1.1809248429128125
-8.547238121107364,-0.2436545485426078,-9.511292131455502,8.371235075197296,-4.491639889362651,3.8102741359077004,-3.5281358219118215,-0.8093822030729483,-0.004261518875491976,-6.849318508953131,9.109451963367944,6.553430757694405,7.62703984443087,7.539131960382275,2.911009074435752,8.137607225965722,-7.769734309118785,-6.219884794544999,-8.838670964464516,-3.7218659285442532
-7.897050397295827,-0.7238825322009695,-8.083373027495073,8.647486073872077,-4.57377213589636,4.059016693969757,-4.030134311415248,-0.37284339479668427,0.33158128225103556,-6.30112784838485,8.33248084691827,5.002395450635616,8.273862189412348,10.02110323838199,-0.8158153637122143,8.257864979056702,-6.504456166146839,-5.958498287484642,-8.342036748368146,-3.393567069634945
-3.465633999870759,9.4866924060787,6.123994864764066,2.328783032726392,-7.192685221674425,-6.880818187852593,-10.088735490605728,7.92803824185407,2.904633297187585,3.7093612230878286,-10.058352261843453,9.664075272891935,6.21213307996784,-5.8193504010603,-4.263778866691473,-6.578935503677321,-4.273495292830468,-0.1524131729904019,-0.6169076556577484,-4.3566413692572645
-6.596732711151125,1.0691330973695319,-9.371062431827154,7.96547631663603,-4.633276134163269,2.1007382141822344,-3.9593879892472885,1.1459468220293463,1.576152716309294,-6.573178493853348,9.609410756378338,4.678006126931604,9.493470979508807,7.818725572416502,1.6820481245255643,8.075760864368949,-8.293043825861467,-6.528220396549054,-8.437311185786676,-3.8886769327508937
-8.763148952070804,0.12879488420900326,-8.68286894426674,7.887338956345587,-4.145106548017313,2.5403090802422583,-5.880472077285516,-0.02254064877637979,0.9974377333786941,-6.578750849385916,8.233089291631687,3.687007491343474,8.275890026915885,8.794202780202719,3.214197015635385,9.62519808460079,-9.046059494110162,-7.2340490752474595,-8.598819606809345,-2.8582933731367874
-3.554006817073784,7.04792953882232,6.6960859661684236,0.8699613182190489,-7.100880814737042,-7.156922893164867,-8.530921058826909,8.139260128038,2.882773723223921,3.5783741173519705,-9.755431827870362,9.680776993728186,6.4001616898248885,-4.145872210414485,-5.872525704219736,-5.597032016881506,-3.2522738721418327,1.6686024901300822,-1.1800780684539782,-5.472249143995008
-8.56054995730239,-1.0186507032062238,-10.266847679645693,8.704626992021055,-5.3305894290849976,3.0709311122071603,-2.8715457037108454,-0.36496210122521,0.6696596881608707,-5.937150903396543,7.45012475467095,3.1177509582717087,9.136096160081506,8.388561289119874,4.022219711074113,8.595579576329145,-7.410410241703515,-6.275815395203069,-8.798227000204154,-1.8261365429851788
-8.680132276872582,-1.8012375420026405,-8.259682266960883,6.343471135327967,-4.577128915890905,4.1370251798372895,-5.217004777112939,-0.5229079790388553,2.1473847752571826,-5.770019169262419,8.774406848412285,6.704905470583462,9.996514554738084,8.165599701568683,1.0578393483480395,8.02403599699054,-7.94376321500622,-6.268937580764584,-8.156497043554388,-5.0231674648440485
0.9296881122166258,-8.807994921454,-4.7871320088295315,-1.94080763161632,-1.07552212365617,5.238938149744655,-5.9621655593171985,-1.4610186645874195,2.3429970310158823,-8.6875567141964,1.7415885639330453,-5.583593014457753,-9.826464239247448,10.105619738320236,9.467134327086438,5.831394372451048,-3.9275982519008985,-8.153822485683264,4.9049434266608545,-2.2736292526789867
-6.94596975844328,1.041314982894066,-10.733579523014178,9.938699950697675,-7.333357546494737,2.4816792770411196,-4.224810151390681,0.9830837885267222,1.1529238530070807,-6.469725630187852,9.379695210663447,4.524633443699723,7.292746436799609,8.623058630889036,2.651705688757888,10.021979075619393,-9.020167055776817,-5.387527541316173,-9.379160950153972,-2.3029183995412303
2.4123446733815137,-8.546848225835094,-4.568930398259294,-2.540835167354209,-1.3331480344027247,5.484865950425237,-6.09792391434192,0.20381027040677124,1.900549867738333,-10.131596811996646,1.43388088890083,-7.874101791954139,-7.7211525906082095,6.872063803226341,10.466231004808112,7.5542963595920645,-4.209905203515208,-10.649694807699621,3.323349968275847,-1.2611342864967923
-8.75220867412356,-0.48918803620041384,-9.683691598783318,6.41042579461375,-5.8053470950130315,2.479632056465551,-2.332153458390834,0.5928111395135689,1.5963743408130926,-7.8015463866386705,10.585907038305164,6.803758530246384,6.791633864139157,7.191230284637127,2.4537651492372126,9.081873154000517,-8.908644689448831,-6.385842214670748,-9.692835282834382,-3.382975337788593
1.919297000430194,-7.093544274946699,-3.0855910937145983,-4.179297164316565,-2.8441562071357858,5.116403957240125,-7.640447315892093,-0.1401425792534059,2.3507910733701403,-9.961740609152308,0.724070461247424,-6.520180364538822,-7.83642465567924,7.282737306550054,10.132873059797172,6.985253166067547,-2.9536395143759586,-6.8280775050006355,5.886674454902753,-1.5530421738270284
2.177231750917686,-6.716562582624872,-3.866209971705631,-4.6682949145779045,-1.9998440557536723,6.632929212651089,-6.138660945734353,-0.23904253449918922,0.48971736198337545,-10.150728066875894,0.129098398066819,-6.690798244955703,-9.297405720875457,8.011122854081352,9.244517236323235,6.5319175931819595,-1.814526684322642,-9.558441139435535,4.8440415735436595,-0.2238485641929011
-3.158570661374176,10.335590160471334,6.059481840741738,1.3727461182020269,-8.746167142511887,-5.8725959034390245,-9.522957582396014,8.114148514661473,0.052196417152340135,5.054048894220218,-10.799482043364732,10.12896116230641,6.66312588384487,-6.7071572058311215,-6.770536968784768,-5.645591345974623,-3.809260687694011,1.0795416131172415,0.6153409573578004,-5.739658807750213
-8.56331493605945,0.8479234250607934,-9.160572305550614,7.162652093867792,-5.457989883493474,1.3442090669902598,-3.8541517657381763,2.6120501495719806,1.7391389775979187,-4.112493888301035,10.274089645081153,6.530135810574983,10.764057519028807,8.273810267895202,1.7707722547148221,9.470142217084348,-6.776309721839725,-6.560307394329304,-9.817023304129268,-3.3545373523038324
-3.2655483683370536,7.592032418600647,3.9933059519855747,0.891621680326337,-5.192485556078705,-5.998469836326496,-8.846300397952628,8.80346705438873,2.099668542511794,3.300167354592645,-8.065186036814294,9.937107086924545,5.6116066616819795,-5.943556464518085,-7.239118909242745,-7.714709533895659,-2.988977593277604,2.4045452731148877,-2.7596672009768266,-3.6124479593485903
-7.37116194611265,-0.9476422802220813,-8.646895043186756,10.39601361761802,-5.6109724595575114,3.582818020303625,-5.521284066916408,0.8552656529975635,0.04849178706590307,-6.927745507923941,8.290406065451345,6.234807693277027,9.797283188757046,7.919932223211483,1.0935728708859829,10.027007736566198,-8.980560086716267,-8.242375051544535,-8.637065211832171,-4.598168058376229
-7.632342605113362,-0.88723271685995,-8.296292354132076,7.78302829560696,-6.309586530699594,1.2009712014099594,-2.5049289582124707,1.0180244000273344,1.022179133994762,-6.7431855263402625,8.862694141088046,4.4269198187806795,8.358523186723898,5.776459793432801,1.2219359227531883,8.12654718411124,-7.6202699117711905,-6.12026921499046,-8.300531107913681,-2.1442582796212832
-7.877393804722352,0.5042712173709953,-10.218444909742843,8.328387955449648,-4.510677185102755,1.7658408951599875,-3.1575113118675913,1.7472954313945315,0.7595576411839651,-4.942742758661446,9.201999061838764,6.3522409982689085,6.571408865332684,10.31532478786644,3.453457821464659,8.152859196208656,-10.202238985605428,-5.792314383311607,-10.539379768862997,-3.0485398471772247
-6.150615809658504,-0.22220809527036892,-8.64095944099028,8.93243199455846,-5.451940370743735,1.1969591384237517,-3.4050227235479458,0.4736487706810858,1.4900316144407202,-6.529438361872296,8.961264856490455,7.511129478203991,7.317624769773005,8.630497486917214,1.3833977180383115,8.101706082721913,-8.547252791535575,-6.883777025788353,-8.524230011553,-2.1027497887847555
1.804284010859201,-6.416304319815347,-4.454483108538743,-2.919146536640714,0.10777619024665652,4.99154600060135,-7.549327575075705,0.12405764874673819,1.3641174259921127,-10.0372380653533,1.9755185821300758,-6.0980118790073865,-8.708256701862226,9.284691817752904,11.12604836000661,5.825068100771658,-3.629375981887917,-8.555771082471455,2.8383008103561647,-1.781857778625743
3.2091148601873116,-7.2234274223377986,-4.756929052615487,-4.2315501291500075,-0.059227047519874176,6.127408710304259,-6.972306989696765,-0.25388490502439165,1.3815325652894093,-10.553976177582463,1.3332146414236328,-7.723347883060524,-9.111447152182347,8.239013246737104,7.685635740624439,8.190537192898702,-2.655183885503356,-8.825577141392307,3.9570819268967474,-0.779485035386678
1.6703527863925371,-7.809944180876224,-4.814241991573695,-3.3704820380244107,-1.5320632113840877,5.316977611962513,-6.642065455648362,0.4930112768978247,2.2086600931457108,-9.981636832782534,3.4219623640358,-7.569579828094784,-10.316768754109747,9.358488816431718,8.495232527076848,6.4892384330866095,-6.311393217633118,-6.654101778389254,4.35695393828354,-2.6974266743709747
-9.106805097240734,0.10748205974139874,-9.119239935922703,9.862863003490306,-6.389374261441441,2.6495585112258278,-2.9430960516376365,0.736677679953524,1.114510638203096,-7.259046592447998,8.800874207199742,6.747697475445547,8.738469637529855,8.271906704697448,1.8428112474452234,7.25439918521257,-7.296339532886613,-5.577110367084599,-6.789817384422051,-4.508974764385258
0.7582807706013042,-5.537856882861635,-4.894486932793596,-3.5069479828587897,-3.1446524098085633,5.352741022258718,-6.234243971668558,1.0001818650417178,0.4492129490563743,-10.591278537840655,2.601859672805243,-5.5827874550271055,-10.270120491412293,10.059224831366407,9.350182502978008,7.259752301403867,-3.9779449780502034,-10.568835637360273,3.5326931479270987,-0.13680630653670312
1.3442703789557058,-6.696508322728066,-4.122393280543075,-4.64126734756422,-0.22362473143759076,6.514317873451983,-7.000387031667659,0.7048803111672242,0.9917931398316508,-8.97332136885171,0.8863986310738008,-8.382623978788747,-9.081785329907378,8.85398179879183,8.914960967876583,4.983916404106662,-4.307623678663724,-7.777262967291588,3.6397675001206005,-1.0144490946087596
-1.408376224630145,10.075657093071456,5.171885035050044,2.3348307451877486,-5.118439066283896,-6.880423265887721,-10.020201882056812,7.77299682833101,4.108347284401289,3.146692062735057,-9.949772880777937,9.81464308134134,6.594947967002697,-6.735521366811792,-5.241642799627517,-4.011869080914064,-3.7190236817853384,-0.408939657091243,-2.91006015221116,-3.9174412148179805
-7.990231503324236,-0.3350673294892237,-9.04381630400107,8.437359062287685,-5.65258093187317,3.9361020795933515,-4.404972011961939,0.24508408685117322,1.620979657368948,-6.9447322934338,8.822341131710035,6.094324516915422,7.932245654678764,7.5117549849489045,2.513741754264595,10.49157714189831,-7.624745454198863,-5.607702988627084,-8.56465263811651,-4.566583658801762
-7.378940422600979,-0.9113299466839404,-10.788492121697411,9.991982474262457,-5.457673072709934,3.153685583892751,-2.7549387431914667,3.9304156111267003,-0.31028086302327273,-5.8530836757629485,8.684140269997066,4.96386616264558,8.069766810276993,6.77089204075239,1.9167082144370409,6.962982013414099,-7.28334239244974,-6.025339815583721,-8.6730192488878,-3.9595819966809356
-0.5135301332687858,12.124204684203683,5.246601895364284,1.789973065220344,-6.34512154267072,-5.99245416740211,-9.158995382193202,9.118734271411025,2.252370994055578,4.659194645012303,-8.92238586202949,9.819783653854342,7.487793316478048,-6.3704709729814,-6.921802409804018,-7.432064035903019,-3.475653910189019,1.2740651361568713,-0.9033267610057993,-2.500924762691624
-1.3141509941279077,7.491099223414547,4.080956988956513,2.350381559005253,-5.31410316191693,-6.945859854348934,-9.39352728332921,9.204679984939293,0.5742863344479316,1.962645599300827,-9.148295664030618,8.896142818887276,5.627619998877723,-5.044861339135124,-6.119699942086789,-6.895988433668052,-5.19545953948014,1.367585960924902,-0.7108984491990242,-4.274593059818544
-3.698609515920078,10.656959081454286,3.7392581015802326,2.611561609549115,-7.208245666900255,-6.276922162193603,-9.382441758750202,7.160730009426409,2.063219410259897,3.159264100139436,-8.847485768663825,8.884983476768301,6.420252900668417,-6.747567161042989,-8.925834314653297,-6.5229375655314925,-1.5025397191963297,1.2797329205427812,-1.3803600068920798,-4.438308025247429
-8.226568684320904,-2.3383777322835093,-9.10677389065933,7.4108014369732516,-5.624735774164965,2.7514584311005286,-2.020917071588287,2.806197965810189,1.1514135243939938,-6.767678113401186,8.214466137839961,5.97119662876836,10.572884431348927,7.649206621527818,-0.42099646453152184,9.107534372277858,-7.24475024751156,-7.666188392002943,-8.918970038126286,-3.042167368598614
-6.92600999298933,-0.48409163043784265,-11.247193694936103,8.037046545926001,-7.19187802137294,3.60421631797103,-4.7450787084944155,0.5647207784720167,2.2482805683901974,-7.2516595847574585,10.45294881380329,5.069266900536138,10.543173633349369,7.531394395354762,1.117506590715011,9.124723150857623,-8.665939688585246,-6.921792265746104,-9.57329407249303,-3.5379999169177143
1.6728617145871034,-8.704160580248914,-2.901961240920733,-3.1704356575552053,-2.146737120634593,5.535260093372731,-5.938152790865147,-1.461777957306801,2.1799390443666127,-10.11814931429031,3.8619258472195543,-6.065557014177435,-9.098868130403726,8.232542974749316,9.207672953927563,6.780737703912511,-3.9332187451177862,-8.263716527009178,3.743030821061033,-1.8008090564449277
-1.4010148063152337,7.97438020107279,5.252652741290671,0.9197541207670759,-7.503396151847075,-4.9660782394091605,-9.029010157399357,7.540955788678426,2.8923679655529297,4.657133443893514,-9.437891208940375,9.763158045706112,9.05226840124671,-5.810836583468062,-6.1624016091430205,-5.281255406923711,-2.8096292078512617,1.6821589382051374,-0.7223694051285006,-5.318422108769645
-3.05875475896133,9.873874015178124,4.252748186438587,1.9277584660084939,-6.85423877060886,-8.799782749473604,-8.852165502730248,6.633795141434529,1.5291774124644038,5.605083559389723,-10.844817008363208,10.211402229987863,6.369889885676627,-6.0329779549303115,-5.573128759806276,-5.991858508362434,-3.3445421435897145,1.4633132931776185,-1.692408010341008,-4.787653930546911
-2.2438352736531217,8.43152747058674,2.2010616779516723,1.8388905217544278,-5.4568790550513295,-5.953894191034355,-7.872930272044839,8.55965363730492,2.110957825825613,4.358767263326505,-10.205962009518302,9.082124187212836,7.2646239657795775,-4.549333349265661,-6.502946931538987,-6.7820990677827355,-3.9146271819526484,1.0963353815738721,-2.8049544432912272,-6.471598149176399
-2.0957627198290494,10.891081940756388,3.8660896371245284,0.728514980629315,-8.658347440055548,-5.384065281786763,-8.183962100281953,7.267938244588248,2.302268861183996,3.035962508622532,-7.142558134467125,9.527418225215113,6.758247610613329,-5.027451162535785,-5.882491424121274,-6.108025778652192,-4.705629596254558,0.9665969897807529,0.5209248693173485,-2.829997149884184
1.5831595061220134,-7.182809407107724,-4.204477731840073,-4.254939897472293,-1.818999232143634,5.142758320880413,-8.042744859688742,0.3321822365238755,1.5992195325878091,-10.74388564691162,2.5551099033060987,-5.87364478156321,-8.47193366142952,8.653642569857697,9.904082813243042,6.848167322805913,-3.6003210468128986,-8.871169970307083,3.9612612957543183,-0.001469474382494118
3.065116709340899,-6.139042286556358,-6.231593380311948,-2.6947979981304364,0.24326118913497163,5.516840265546828,-5.277460711830441,0.6358542358993167,2.1899516091934763,-9.342306723668342,0.9343162338930568,-7.7110476736791975,-7.989615625839092,8.997169000585549,9.174128416883962,5.7440569200068685,-4.212913462013338,-6.999645925384183,3.3494164483751105,-2.538014838509542
1.4745386553009916,-6.173819894886683,-4.752641964479496,-1.7722300567945743,0.820835667349429,5.301724200918639,-5.3251620302575,-0.8690035130676259,2.603024675308659,-8.871567759613278,2.6239353201889815,-7.235089598289565,-10.360051555861583,9.480962809816171,7.249237509011733,5.850596470086686,-2.966542750112617,-7.8546599839992854,5.63300317503295,-0.17184097262619957
2.0966828355422535,-6.902510118769967,-4.681674043062688,-1.3205604552590215,-0.45453345414082935,5.742966276101012,-7.4424338807013335,-1.0311270481552746,2.1293006275226563,-11.203587371754882,3.163534447672838,-6.74767137062649,-5.455875170699676,11.285626995682776,9.13119159224367,6.061609959797907,-2.912143102530557,-6.3433851099542835,2.0466314728071207,-2.98332559056266
1.2419094125942105,-7.39162594909483,-6.334172075738492,-2.4942864702407763,0.5502573921542868,4.229387095818167,-6.592452030150561,0.6137955469823622,3.1011340116683335,-9.519216361900195,1.45864670876287,-8.558440668670253,-8.595530010986304,11.01978678521041,9.589999123455863,6.145667983145508,-3.5856423057656013,-8.057649723820925,2.8716461579830077,-0.37367020953026775
-3.331617555434951,10.135316795522794,4.640085901146298,1.9638693628021175,-7.207521907664188,-6.724918909416967,-8.013229491968376,6.456392699787803,1.364183745788919,3.857725527144244,-10.934181037557167,8.578939183518388,6.172631942463776,-4.87882860572175,-6.1009393268560626,-6.138319891563779,-3.0642571786412733,0.3577568442453606,-0.9706347772287955,-4.278638948971658
1.2264596745186764,-7.725341180767406,-2.6269118304322854,-2.007835971824425,-1.8031644300373806,4.105920058264841,-6.333541674442577,0.0712319889217943,2.344490564604166,-9.606308458167703,2.662396613390628,-4.65436348619394,-7.883467117850147,8.929622237735893,9.129490190437892,5.81127382814935,-2.7270837040804423,-8.673871165823625,3.72988323924312,-1.1457522233268878
-7.173524462572971,-0.9063518968640044,-7.893193966328369,8.479760077898625,-4.094581005732031,4.642366574759559,-3.7438896570469455,0.7183124305403317,1.7442328253717094,-7.027771973289511,9.445744218137174,5.628205053873439,7.833920279600388,10.214183797226854,0.5507061327292999,7.139380796775177,-6.915923383258031,-5.367076500820553,-10.121419039270018,-2.8861043696330198
-1.9535931570493017,9.10386680945357,4.442540415920775,1.8218964002872202,-7.0745354715039515,-5.746339496408882,-8.244771034355148,4.3831342808344225,2.6782010113939365,4.356187750639684,-9.60701887052985,9.009678590151001,7.772965535994449,-4.805691324311619,-7.136378323681597,-5.924857515806789,-4.886811875350531,-0.8844895321441733,-1.9878168517476502,-3.3130237236564026
-9.591589067402808,-1.4180175842856473,-9.291136829845044,7.055340806073055,-4.891677832913196,2.1757846476467773,-4.548132400713774,1.2545257299694081,1.1816861345056977,-6.3125753108028055,10.270656528361823,5.9832650605696385,10.23654212253515,7.436687746237835,1.5283645976941937,7.13637543407099,-8.65913067633403,-5.11557285731465,-7.795466849527106,-2.5330882166480446
0.28971542030677555,-6.231664981292613,-4.9676356591172635,-1.81578759714338,-0.9470468083256962,5.732294791941271,-6.191622006254025,1.4968179725057187,0.6087033647158215,-8.463151406865036,3.252227202918317,-5.873177445713759,-6.374269225970992,8.448763982341967,10.269945484084719,6.061856326987801,-2.674318540179917,-8.054246715593692,3.296784748380668,0.10912207866365597
0.8701995311667634,-6.617555513111832,-6.8614986608984125,-3.3026476864899763,-1.3668741581108252,6.336846053931511,-5.983893504155937,-1.120874285584054,0.8632982514238347,-8.872311736052637,2.07182969616421,-7.168641635889916,-9.17980192980639,9.673878742225956,8.794948088621972,6.0798557183001485,-1.737788028452044,-9.470240356756245,1.8328177986684788,-0.41336046040936636
-1.3079837008888053,8.60621075517677,2.6017543010502475,0.9650833730233279,-8.750419112177125,-7.231623077317256,-8.819909377446459,8.999960227773986,2.3492276086283383,3.9423510271120445,-8.758904532900463,7.187061734232001,6.884467374117001,-4.98235259254751,-7.842086901637829,-5.188155759724395,-3.576658733314831,0.07984071874395599,-0.7283177610514003,-1.9047243382347654
2.9324603689978885,-8.351131296711902,-4.268615856438581,-3.4777296149787267,-1.2663002320678416,5.28990356223063,-6.484169939436811,-0.9704466037011623,1.7206366957226598,-9.631599382447355,-0.7785516519735016,-4.5365455017525065,-7.610198486077738,8.601410020141671,9.331459711231785,4.99629261501166,-2.2120017387217215,-6.14926902509921,3.841354258489662,-0.17341948102262839
-7.493446654455461,1.5664696494152412,-9.472304064303938,7.942997739007735,-4.7678897195341055,3.1255240917560747,-3.980974801771961,1.544758530705769,1.084341240821796,-5.590429125055654,10.423073080568503,5.890842262877024,7.819707505375544,6.543681119588936,2.1067802110290077,8.2662283956374,-8.142758530041489,-6.096396790865682,-6.5118805616226725,-4.823619640376051
-5.821250317980903,0.33250615077392076,-8.973471415415267,8.058009775658034,-4.892686575763952,2.9870220519601363,-4.068047870294307,0.932227585623365,-0.0016256429249725812,-7.378804718213718,8.268497504415794,7.548311014899445,9.320321732954362,8.20103921023312,0.9004849059282709,9.060827001137163,-8.346721305414938,-5.866173810485345,-10.072074537652796,-3.333124527317136
-7.8589287990373125,-0.859927101083708,-8.928774562841417,7.195316906244029,-3.494606002794586,1.5748652374555459,-4.572298310668342,2.0785609335223123,0.4990668389035586,-7.6177895538938705,9.610764117828841,5.027264225007749,7.954108575665477,6.800676197754258,4.726373181847645,8.185932800278199,-10.155717319294487,-4.586632992611562,-8.484383316678668,-4.259859815754501
-2.476400627641164,8.255790793498251,4.4094781220223345,1.0489365396724275,-5.989428780026484,-5.844860258552194,-10.684515618874105,6.394012055306293,0.5257709797740966,3.5114276215140108,-9.671748083874311,7.948551823541356,5.726993002883122,-6.757175158515976,-6.156233326459044,-6.262565465895073,-4.636892694146499,0.6719495047841553,-1.9077797117449506,-4.4470723063652144
-6.736662381903943,-1.4080057638115975,-9.154883010022555,9.162914630638808,-6.896535484096148,3.0455132128380322,-4.328988212254401,-0.3005968747389056,1.3194182391249472,-5.182225183066864,9.258413840062017,5.708142894782311,8.904287584343031,7.8983505149093896,0.8686569385095961,9.545929302185227,-7.934954590802773,-5.685461261614518,-9.901963850814822,-3.952613782723953
-9.053498832170662,0.08440931370783614,-9.803773991502537,7.559359426877902,-6.592457087174059,3.269991531877822,-3.818533586212546,1.0548394055079569,1.0031117199865651,-6.435514967729955,10.56869319208151,4.190189163773741,9.326368050131359,6.225399843757627,1.1196376962208947,7.2248275678390215,-7.448207423509691,-6.145752985212489,-9.108957466382217,-4.600126372464164
-1.8109743094391604,9.407771513620071,5.535072056255833,2.6083414856227014,-5.830074475831935,-7.415344804836515,-7.520933691001685,7.521122520191103,4.097561107489441,3.472263737831341,-7.852346310918701,9.596107826702534,5.997434812393987,-6.237103620488798,-6.683847964052307,-5.907743856529407,-3.392319652773746,-0.07857137129382175,-1.385454219418668,-2.0331468374272976
-7.0846018175376315,0.6111300242000233,-8.13397673014763,8.594543954353998,-6.200034456786024,2.7768002294284493,-0.822730142943159,1.1258514839379439,3.30349288767709,-4.907476807290274,9.63349462684692,5.804063537003408,8.753398791406937,6.1587423927064755,1.9760468286899266,9.648159253004533,-8.829789953782813,-5.668389752555286,-8.243863175896042,-4.403073824047188
3.428143749221067,-8.028727813619241,-3.065000245313211,-3.2206684383331012,-2.214462719827894,6.42765578717477,-4.715765932710378,2.872597741802917,0.6485661121506363,-8.372072060519256,1.7410957942352334,-5.8061588157301385,-10.169457691525661,7.714940969368103,8.536765838324703,6.246911007997306,-4.548805883070942,-7.387503375958902,4.711555148501052,-0.5973725839626173
1.6401631097156186,-8.884592247412408,-4.266130449259101,-2.6383878250997057,-0.7180108824875208,7.065651631545352,-6.242973193568665,0.16506914390346122,0.7451069960077563,-8.250438242712148,2.33520610210687,-7.009545253548333,-10.603642833759874,10.422122940121753,8.08496069703513,5.5766689529595155,-3.5493801054565837,-9.243115648489008,2.191150751989994,-3.320897707908638
-7.498449930603121,1.8298240570807969,-9.230952410104564,9.365251485601286,-5.259477609575978,2.938769801314406,-5.0947861154352285,-0.34096758932035554,1.461186978229346,-6.295350709095326,10.334631175188406,5.6839104155673414,8.437525099646042,10.044843872339934,1.8640960075086552,9.60048567016764,-8.631359165506288,-5.370743272233529,-8.167438562637553,-3.284901414159132
2.8278022299579155,-7.430236518213992,-4.093457967799119,-3.0445421456496544,-2.356212722578725,5.961120085258402,-4.114332595999738,-0.5990303724188303,1.0752616676381468,-9.941719517243786,2.875488816751889,-6.14103207205773,-8.857505832710867,8.059691683427701,9.405017453131112,4.603324834993417,-3.7642980496750935,-7.175033333784388,2.4334613936094596,-2.7294684020376367
-3.6882374142125527,10.201965516659886,4.175261538929709,2.1743293398135712,-6.596339319605128,-7.139014566980024,-8.251633955160736,6.8486192588761785,2.8935975323214196,2.8154718756741604,-9.461930534537538,11.33712604229817,5.648521491402861,-6.430962756959328,-5.849592806199072,-6.1523280209917255,-3.564525041535686,0.9843157627924208,-0.7263781585959153,-3.0657173540829383
1.7454959554286598,-8.62284854585972,-4.673953912469465,-2.0537301875376333,0.5134384359278108,5.814648603156785,-4.688327289598781,-1.073486153205361,1.405027912422947,-9.359566862754146,2.036337610556247,-6.505423138003973,-8.008057182902217,8.532903906896175,9.451669348444312,6.122824072005169,-4.833614520423737,-8.160224408953757,3.5410010003460193,-1.362030690211019
2.0594618996888507,-6.55423064917158,-3.1932000952197743,-2.6928618858958178,-1.6498006152085711,3.9295496117481434,-6.692574113867986,-0.33252347837572904,1.9553488302331465,-9.416138626738071,2.8388300100801946,-7.202500797524859,-8.756009307147352,10.161698188263555,9.654465875446153,6.107909420640657,-4.509669058467764,-8.6797891165873,2.8340472772911895,-1.7379569909908725
-2.68182492299357,9.897946065684994,5.2922017146415214,0.3967775269564826,-5.403086841425374,-5.5000182391284955,-9.46389045814554,7.719326448936112,2.5163304211469146,4.422125321744816,-10.13861526792937,8.726573675301834,6.6232987450169905,-4.580488767175112,-5.819900501263556,-6.70252413501743,-3.1434564301609007,-2.353413987985318,-0.21233392678558172,-5.915130974817261
-1.8190536313416377,8.613065656312486,4.8639713180385185,1.9857620847225268,-6.781951092602438,-7.653119377131413,-8.813817582377068,7.821521206744153,3.4734438426592176,5.120722382006115,-7.435127656572394,8.630849480351836,7.521173452729114,-5.569875780696125,-4.173697722640315,-7.140208088286475,-4.754876982990021,-0.1042640127992649,-3.484995351467492,-4.701172217719923
-7.825155377299976,0.4604129245935493,-7.448181047283874,6.044977161255938,-5.524001176702026,3.041070073767727,-2.31095230406513,-1.2350425956502686,2.8700666125461973,-6.167054987923168,9.295691893557313,5.304596704003385,8.353715799103753,8.94466376782213,0.8894788221392635,8.782898882106188,-8.614331624668585,-6.842476200131194,-6.509479046105344,-3.0743426499812525
-3.8136671235576034,9.68395867702836,5.00647708232495,1.0332898976133769,-7.393494108487964,-7.939323115164898,-8.901006853909182,8.278665235999942,1.036574188528632,4.665498071438753,-10.118567732456391,8.605324210977543,6.541822456053878,-6.788460108853851,-6.91714996120517,-7.529787695520172,-1.9504300078928563,0.5303921846164859,-2.060825135150271,-3.9614372853049393
1.8248371494231197,-6.296649054941756,-3.6194771263457572,-2.2445768863155897,-1.1585936175337603,4.424488491640487,-5.491230035208338,-0.5495930417623922,4.032388110621306,-8.50048453724553,1.5702487354748154,-7.200902773642798,-8.791912346907997,8.738208823044916,10.429474437021142,6.354363132073268,-4.639356355441115,-6.156117034716539,3.73396886176336,-0.42811044923907626
-8.118399138163632,-0.5567685603489594,-8.281979883726065,7.806371195286289,-5.229195747419955,4.383250384254447,-2.1683811849901575,1.0460502268404497,0.27943581124164374,-6.8135193887870384,9.47160781903121,5.823586529147948,7.802112921144011,8.61958494813284,2.0435129058613013,6.721776381824205,-9.15907644142234,-6.5844714252687595,-9.168311910630294,-1.6041145892307167
1.8718169169577434,-8.881292559453229,-2.121233494113844,-2.2037850559776984,-1.3705572205287635,7.031576116847241,-6.9792888735928065,0.6913108024949066,1.6756622429500152,-8.432314605719744,2.087323498842645,-8.040445417365394,-8.623391767624371,10.02657488694203,9.283424255637202,6.943062083918307,-4.95325410220664,-8.072818513142174,3.06015007515456,-0.4499692851032633
2.1419462467468238,-7.543160406012925,-4.467498020673203,-4.220564690435197,-0.6143455520519414,5.663185317646229,-5.26116363275493,0.37821226471084224,1.685587675671758,-9.942184775607675,2.223050274850528,-5.851280295438007,-9.84230713137827,9.065184498747405,9.545683613020671,5.449882178710957,-4.495580921440587,-7.8159468711061075,2.5512395119505147,-0.8470264099585805
-6.606059048775069,0.6926134036253137,-9.941450250542994,7.479701273202637,-6.117522618404632,3.334318188840574,-4.846185807490282,-0.7760560816930724,0.510514869954917,-6.792067064673675,8.853714026469216,5.969101064062553,8.869026633434062,7.608390978041857,2.1410125045331845,7.445957659357703,-8.124871335051932,-5.929740258772462,-10.59850108114672,-2.497699630364351
1.6295856068272827,-7.614484779649185,-4.843386165050721,-4.105434423865819,-0.7327638454438966,6.288818664376611,-5.491640760756433,1.1046140209074669,2.172631587255718,-9.603717243816948,2.990560902459955,-7.947035066096105,-9.59963952280689,8.013510673643422,10.392696720630497,7.110735476469297,-3.420419379487592,-6.9746278546605245,2.8053777478311495,-0.8483550053469926
-6.501065209280322,0.3740480496039605,-9.300366898514849,7.205620033162083,-4.084456316620345,4.930193069301169,-3.423672438561362,2.3186195719823393,-0.5913661211954908,-7.457074274269,10.246894063039434,5.766946677375542,10.10376100785559,7.881075367826235,1.0900241536933706,8.223891458257292,-9.762833929885344,-7.208933424714131,-8.12301022387123,-2.620605970265103
1.4579651550708892,-7.006886832373132,-4.614740278633252,-2.4870745537074272,0.63053069774527,6.309125460491586,-5.497915983599364,-0.14562055168240984,0.3642347123165146,-9.279459956140453,3.3575051928926816,-8.116685382843817,-9.754057508471105,9.103978481300734,8.327985876643925,5.375423515214009,-4.331323198260764,-9.412175124062472,2.710538684026769,-0.4935222084206643
-1.7945878324161322,6.9643448496208435,5.798952901183999,1.63691494525966,-6.454137257911039,-5.682862669630719,-10.210001453866477,6.614081913071157,1.7337515389884708,3.3776980347964805,-7.853373538247142,8.541424949413093,6.093306036521569,-5.5488287548315,-7.5656501819340765,-6.727590514687588,-3.5977018795590703,0.16226822826224602,-1.4544864860576334,-4.704749308487532
-3.2893967521702128,10.344861032237361,3.44309018980179,2.8668673733298426,-5.986673321042501,-5.050489391559859,-9.248014349265508,8.035845075078866,4.303952071403018,3.5438098789872123,-11.12335036161631,7.518187009332122,7.361564844869767,-7.63636799449306,-6.73581970879591,-5.894596615892363,-3.7299796039793316,0.9205734968289295,-1.138809771356831,-2.896551382725768
-7.159065697903926,-2.1105250720123596,-10.179114162579099,8.156719251289664,-4.337182173369235,4.017753049682127,-3.6215249559297407,0.7321442300944523,1.0190710452266971,-5.617291515270976,9.704558206782083,5.5683941272695785,8.521610032146402,7.977838433595457,2.442590955060977,8.704960089360396,-7.849323540616356,-4.7376208902659105,-8.830290299042652,-4.14239190520787
2.814421419554251,-7.3387822333112185,-2.750172283403886,-3.1568816287109835,0.07666892154792493,5.66477633287073,-6.614875121512143,0.8772190755899939,2.2579274959248434,-8.71401898633312,2.232175460084965,-6.627410607971001,-6.310596147423971,10.16196739026284,10.0354675564767,6.27974612053261,-2.9005674159359174,-7.528562943480869,3.710865283017173,-1.500514450473888
3.985194963568425,-6.170060967056587,-4.896878193268604,-4.007373741036399,-1.2642729466371287,6.138021873951579,-5.766318512886583,1.537821593040476,2.638211099421702,-8.101422719847138,2.477752438639204,-7.97881625646516,-8.89466667144131,10.037800484975332,9.261117732966541,6.671037330952968,-4.22647293177872,-9.076369568414167,3.561316466197027,-0.8879026821753191
-6.309524882920105,-1.1529588683998564,-8.237008036513716,9.233684450135105,-3.960963087809783,3.2348825982093463,-6.720027419453812,-0.2403667200959131,0.30828956918099093,-7.281165827549936,9.513935559838238,5.083693021701056,7.965366821518761,6.837746860305155,1.2424865907364737,9.558983912312263,-8.891175013589104,-6.595281458050368,-9.552151836812486,-3.154399870925293
2.757814014806301,-7.537929246835686,-5.583125146416089,-2.2788899159614227,-0.049276543076418156,5.071867703346629,-5.715321601694773,-0.07888452664279655,1.664258978041847,-11.558813803162376,1.929115634312631,-5.620148223846115,-9.330370695860967,9.030237113281983,8.556689954799268,6.528388638621994,-4.12424781406876,-8.985799260554328,5.017211997908265,-0.26801811167575795
-3.4739030488034652,10.642754682970644,4.355494186621592,3.5637517565585823,-6.200695901091992,-7.0171050827184045,-9.357724128462136,6.982615038152623,2.4506169272394134,4.238608052138626,-10.182121522152656,9.232565632922254,6.727429845727586,-7.881951880849289,-5.9053325410692885,-7.31163102764813,-5.068487544014991,-1.192215714465953,-3.1549921250255757,-5.530864699151451
-2.62152567274358,8.793316528665098,5.254045536271526,2.730677393988037,-7.4101283387617976,-7.455927833920627,-9.113379453787655,5.021601750763118,0.5071091726656234,5.528325823365433,-7.943342400582667,9.149161003683508,7.2254097790642025,-5.4419676318909405,-3.28461984740275,-5.212334891496747,-4.043072732290012,-0.4604118079556685,-2.9675459474152577,-3.9719535601719382
-9.913718225801025,-0.07820933691848335,-8.081769529935656,8.713888874603374,-4.378561492770415,1.5281887531221212,-4.4862335488868395,0.8127180547076553,1.344588863652485,-5.088244109356556,9.246825800145078,5.908480553896105,8.806353073215076,6.909604272051419,-0.2977917548730451,8.868494392592412,-8.056202750548799,-6.698517793717264,-10.714627278305105,-2.8636538703259746
-3.317691225945938,8.512529084613785,5.5552809539301755,2.3019207936004165,-7.4093873949183084,-6.366842160162591,-8.74125020728797,8.292167906031592,1.3202471409868233,3.8337894093231406,-9.980418267216109,7.9346820951077675,6.944973093073012,-5.492162514254588,-6.358387199215526,-6.5664969363064705,-5.33052588285966,0.07448330987939822,-1.7038141436844547,-4.977694465260781
2.462819417559344,-7.192509535025506,-5.132473056573887,-1.3692552021914068,-0.21389757032617063,5.150598390492971,-5.004699503150869,-0.2128820701129746,1.066287884729813,-9.830694863080332,0.3798284849406752,-6.117975145835964,-10.53011301863276,7.749266913800904,7.237052652412654,6.081877269538328,-4.058045076804459,-8.373253933058686,2.642082835572561,-2.369183878644613
-0.1472488943381558,-6.464971922674345,-4.022940613299793,-2.244421083465441,-1.5900625097429852,5.319062348883182,-6.417549293335979,1.3063117523452714,1.4695315406377565,-6.988331423490248,2.5817594570438036,-7.8652001862499015,-8.827514433546366,8.32603562291025,7.118258191671163,7.767417902443011,-3.204582074312583,-7.5133504019730095,3.8500641905428417,-2.5789676939004105
-2.1095096713001085,8.362929234406492,4.111262154478345,2.559533702695825,-5.641344119717634,-6.858838016539885,-8.529494744037047,9.02573786013394,2.263053414352744,6.763134670101303,-9.022800468452408,7.637434284084068,7.402194437112968,-5.372059401551699,-5.073747901775242,-5.658728451661365,-4.0536111247930195,-0.7291696036446085,-1.5701228844437105,-5.025937650248461
-6.537272526426282,0.1147476014498604,-9.651759734361619,9.147340220183905,-4.177495844743095,2.566005284993458,-5.093577151691211,0.11282752287442005,2.449619402213802,-5.156423730756421,8.279365085620592,4.33489905132237,10.06466268096327,6.760911103795146,2.4672948998637105,7.821413485126011,-6.613105034439927,-6.850767550754974,-7.952092691583411,-3.308534730674348
-3.4045439454157744,8.6061852890381,3.644063441437872,2.6243059257643893,-6.021176074494605,-7.114730163233361,-8.800089761675983,5.874931500865159,1.7226235868573885,4.111246938879164,-6.967517023053976,8.286230017465723,8.113030054760873,-4.756359012968669,-6.082864251367852,-4.57328931873619,-3.5430496682023827,0.884287828312686,-1.4142202801752306,-2.951848313620534
-5.50798835983496,-0.7902662156764189,-9.411543915487664,7.913981140644771,-6.778993372482937,2.940048883323671,-2.884716290831115,0.9419499653684571,1.553288756253603,-6.678419870128958,8.735595319285531,6.771912139120912,8.292661684926113,8.190629047346189,2.121334256899241,9.899201716719453,-7.2587376012892495,-7.375601372284216,-10.283007388564279,-2.9144835666655786
-0.5466104325219554,9.017981800046169,5.651341871636458,3.3146455994716133,-7.622111423689654,-7.365415428643815,-7.607453243481276,9.008537194207213,2.5851810950385303,3.2816372024188545,-7.60124900238451,8.86722614542792,6.313715034836984,-5.410879951944856,-4.809340235143214,-5.4779338263791,-3.500289640447335,0.9584171627628635,-1.3175849585142192,-3.617277681520655
-3.1335430127659745,8.829760770542473,4.035134171689888,-0.23239637315833717,-5.982560994264138,-5.605234551997224,-8.186805765296505,6.185837245073887,1.8208087009166576,4.154930240691451,-8.989515724522041,10.066537531957966,5.91467901722994,-5.671222230020916,-5.906220251242747,-4.876087480784557,-3.2106486009845225,1.2841853200202762,-1.2772729992283243,-2.7649580508356575
-2.8716385644558824,7.894616233572178,3.3451973605071954,3.1339964713192514,-7.347328392463162,-6.533605711545231,-8.885248335515195,7.800563742721825,2.099122125924431,2.8784593317323393,-8.592043294636811,8.904440460078574,5.092270917348685,-6.1813329474003895,-4.862740865223676,-5.481688060817831,-4.263807275217105,0.14587092832632848,-1.6827346783750678,-2.0986692124783204
-2.7617657744459105,7.766502946233472,6.272290140159736,0.5430283059800993,-7.319671677848254,-6.749369015989855,-7.397054467569895,5.887660764319264,3.1854639870191352,4.171684616940496,-10.569818765131902,9.860300517503157,6.847912511581906,-6.353434663593272,-6.293698570867969,-6.717223399793084,-3.8016377955579976,1.157259307165804,0.22491718898766688,-5.413232694866011
-8.423215152180502,-0.22299437752165627,-10.222553919623916,8.881573289905782,-5.200034028717002,1.945628796646691,-3.32411591402572,-1.0323696012540122,0.09679986155010167,-8.409800004115539,7.9677344430935655,5.681185636942769,6.825442793180859,6.41540128393126,1.9556306600888944,7.893877804369282,-6.238113323002301,-4.24644620559272,-9.963376684540393,-2.936255766331231
-8.492354391790565,0.5770109983836345,-9.559147905185087,6.260430223130541,-3.037160403394993,2.816455224863683,-2.2702067417293543,1.6797953815219313,-0.06680395761722124,-5.2697210251263105,8.740250005427491,3.635955880418349,8.36538066526164,8.294184510329254,1.4952629282253644,8.130436359537233,-7.086583914032997,-5.973848771327003,-9.938752533074192,-2.7913630610673863
-3.594348149610548,8.188875598219367,7.588973261536827,3.2178492646775188,-8.230701557359291,-8.202567550019516,-8.356461694917519,7.87078771287667,2.5711840701815403,3.906495762367211,-9.713764374086852,9.726076567399243,6.734745822301766,-7.9725181591820125,-6.593300286433181,-7.1833162371916375,-3.7399437219007337,3.4803876352481673,-0.9936179616833808,-4.488946882211559
2.0229901967197286,-6.830717389354053,-3.4666343431741238,-2.4071461409536323,-0.22083713950890682,5.633986941618003,-7.19351774513855,1.3425029490930287,1.2591792444597227,-10.006588044362472,1.9729791622243682,-7.502328445550683,-9.116398522283841,9.321764666630132,9.660982400737314,5.270116895903592,-4.395429989481332,-6.972224715102078,4.181060647977079,0.8781149141405686
1.0749920741913068,-5.628006035655596,-4.55657251976849,-2.5435756607944553,-0.9418742755561964,5.043770586606307,-5.022672013226659,0.4105752988488903,1.3717399540216084,-10.375581189400517,1.257302024309646,-8.230897641856266,-8.68674459187924,7.78104515278227,9.047080148972645,7.538048815939592,-2.708425043611001,-8.078834613974939,3.5975758040999875,0.682924424213035
-5.970088001467966,0.40466747828998006,-9.798860765884902,8.17620244118471,-4.761016975361944,2.5220553738379303,-4.678366676389407,1.1027503173657156,1.7794788839076885,-5.6991294199365,10.907010649614975,4.960883231210689,10.464249597354913,6.995625889998823,0.9453140128532096,6.677525818313084,-8.675945272788427,-6.5840650884465495,-8.569516941534589,-3.249502443114262
0.30030519194512495,-7.971478056768103,-5.0353702821191035,-2.572876179716953,-0.3978557358912966,7.200229635306254,-6.501489837200879,-0.2128837300369813,2.997963396119597,-8.77441480706974,3.41854854921674,-6.300789523244333,-9.85608475900768,7.64458239028886,7.761128412432258,6.829998797087694,-2.719127793445579,-6.197195578485941,4.527765862566378,-0.034111547672987186
-1.4053202797364925,9.489453874693703,4.637474995309248,1.3838980321514258,-7.97179082386936,-6.045358266951064,-7.924556135250425,5.77779312880797,3.6121392130448595,4.735522776814911,-8.188715468938158,8.05606929475477,5.283028660592997,-5.902187096201774,-5.860716228962794,-4.53554898000436,-3.2090762269941138,0.25244735583272393,-2.3874688348235775,-2.9454166233200114
-6.9457751374325865,-0.1289656908322857,-8.48173144370968,7.280610828204495,-6.603839293423093,2.717441605253306,-4.532131087476796,0.32257202347591635,0.2973603725952034,-5.56189393815301,9.103542292868656,5.653130965996192,8.947613389724726,8.091502100965162,1.933870465766729,8.948085390872649,-9.025805092787417,-4.6809248249632125,-9.331991605157775,-4.804942522633395
-7.8840932296029695,0.7631689890802498,-10.294249074906537,7.499675646008291,-4.439433951952028,4.049012360190231,-2.6448419658055347,1.9709890104957093,0.8667590283104109,-5.1092991343168705,9.049387711842023,6.40474777881056,8.997467629135965,8.3422249156349,2.3815074502437397,6.832779690664522,-9.354271817822383,-5.977801311799573,-10.782733301430408,-2.6621822815349567
3.0316582773928014,-6.236500537531316,-4.660676648203355,-2.823377148756099,-1.6447211462699514,4.575456673052579,-5.696629577452171,-0.9888967803243667,1.4336644766689868,-10.066165705499282,2.700580224319026,-4.788087426987682,-10.000556123097741,7.124692262169097,9.18775377614112,6.18364475828698,-3.6890653097752892,-8.492878235106666,3.4840212314177057,-0.8294397146673709
-7.571278856064355,-1.217229448470846,-9.369627041482426,8.13560725295611,-4.663750427646545,3.91270866923926,-4.80488964657952,2.0889084787930097,1.179319871238211,-5.576116843087655,8.76354315553553,6.789038604217825,8.532926422470718,8.174099522046507,1.0248934990345933,7.440553074060208,-7.541944652508727,-6.523949581824482,-9.949277309293617,-4.136576726761743
2.607269784389331,-6.625808620523853,-4.257582749867342,-2.7301538371277085,-0.468050230331664,5.472449750402593,-4.6133430988979,1.1240378825038349,2.7211157282464846,-10.037148468970463,2.0715086136230636,-6.889983474974874,-9.704569515983875,9.337874929012433,8.77499490371137,6.8233507921794585,-4.977916179426918,-6.3275171070305,2.7883278716510755,-0.9776477880075369
-8.01811214812942,-1.114046574987972,-8.452046939300475,8.996668085950976,-5.9798521618173215,3.9755267315271485,-2.2389658146345153,2.303918628785776,3.7994176099515555,-7.204903538932657,12.215912981686376,5.148450078713503,8.197513375903268,8.22361938343082,1.37593824212869,8.83652884110886,-9.550227146698912,-6.31909535368053,-7.80987198742756,-3.550454676165869
1.7890965559976149,-8.424928922847807,-6.3653878055238895,-2.903349532649779,-0.7427408915776237,5.651014159321621,-6.1514029187806925,0.3277296391226202,2.871132848791614,-9.261437931529262,1.5768144609414967,-6.870643011142256,-8.119621380537634,10.389737623609916,8.684496922322008,6.266880749358105,-3.569367174596627,-9.039135726601145,3.7050776974560558,-2.662623982550068
-1.640041558663477,9.901576965465063,3.8765927320495197,2.011107519388334,-6.196298198340201,-7.089423412855308,-7.765349708869999,9.687395410118064,1.2363142022291933,2.780406952767134,-9.284491518479076,10.11975954836603,6.4179864421636665,-4.299957123113442,-7.702106455581236,-5.638991179899713,-4.521015961568139,2.2145065388520537,0.6314157260104332,-4.942073783822509
-2.1005903153509826,8.706477657059438,3.8012930377808702,1.0864887616572747,-6.3448098548053595,-5.651129090786885,-9.475635503664805,7.781909619050188,-0.06472678373789309,3.5768338252637095,-9.619369046954853,8.488513626258053,5.712346441218839,-6.420997342903363,-6.071307927531614,-6.519238821337698,-6.153386374134218,-1.625571519990309,-1.9679648050148606,-3.717730609985609
2.1759603864417216,-7.958922582979216,-3.740305454812523,-1.5056423461228685,-0.9016508717447468,6.982094395799647,-4.923524418315937,-0.7916924191298258,1.1745012715813734,-8.113454582320278,-0.5617155257816715,-6.738973219419159,-10.129799341919082,8.501156943633141,9.013820572461983,5.809702584421713,-4.459985868645195,-9.143701369501136,5.9765717970618235,0.6705118789533777
-6.953721651980258,-0.032054275342654245,-8.741283883091759,7.372005220582452,-4.253914281919971,4.244860215287225,-2.545227874280548,2.414914718204916,1.1783040303679795,-6.0289998026422795,7.8685200911173245,4.971245066083866,8.59689675727717,8.94686656082933,1.3469984521320733,9.233824720211167,-8.231771675924989,-6.257510866731858,-8.846560252655983,-3.884549756987555
2.0487965593612834,-6.017009841108135,-3.135591636513773,-1.7538482794678365,-1.3382570879322775,4.623676780078786,-6.6201119621956,0.48092970893895304,2.3940780907732053,-11.242563150360493,2.142783836417016,-6.431428300930985,-8.97651239660996,10.268984584082546,9.734420735742058,7.478138870410119,-4.123685136882819,-7.109080227365396,5.319726924770657,0.11474332406468801
-7.719794912606221,-0.6517479003756326,-8.884266951142997,9.909482759221893,-3.1851438512579096,1.327673915017304,-3.188706294376641,0.22333713349237783,1.0893609297309492,-6.701193923032007,9.509281185178374,5.65406386329431,8.21102707393486,7.000179460727795,1.509303893602218,8.6717439649191,-7.631153617277345,-5.226993774276949,-9.589644244856153,-3.209548817431976
3.356745673000971,-6.9270696247005095,-4.496418216433796,-2.7141003389353364,-0.8590006990816522,4.901089187995436,-5.4275957082615705,0.7447310921326987,3.3887326170175234,-7.8156419653115705,1.4652221204386362,-5.769219151745205,-9.649921523388882,9.673642846007516,8.79602646273108,5.144693738953637,-3.627679273835182,-10.721124848026463,1.9336849558379094,-1.3744420089822562
-0.8357455327542131,10.354747179988669,3.340297599300504,2.8029021018199067,-6.068230636659678,-8.028372882028565,-8.01955011288115,8.861454833911257,0.8997554286197618,3.2439487349066454,-8.570648647240448,9.669692354065534,7.2003290912479585,-5.41262857003398,-5.972804734929843,-7.658381931242406,-2.8678374341877975,1.6647186250725308,-1.590490371225713,-4.218894145853024
-4.070690845494609,10.51770595662732,4.309758742261651,1.761502702009555,-7.507361097235775,-7.168148467198023,-7.419796411487974,4.835714258963623,3.2992656209523634,4.499475037022617,-10.795331761941167,8.322884650190648,8.325245843216639,-6.698724666377208,-7.516851166453947,-5.194595260566595,-3.5766022645233315,-0.4427969438916416,-1.1444746517530662,-5.201169879679439
4.134824911193567,-8.15801550422815,-4.991430074787219,-1.9087333525533063,-2.4214018308689265,5.070764197975234,-5.410083219251053,-0.34959707941717055,1.6123213900298783,-8.32680603528501,2.572443121565328,-6.322699129958768,-9.038090419564448,9.347771860335621,9.18890798139143,6.625752572255006,-4.404656641650565,-8.229126694251862,2.6947027376911237,-1.231957735214209
-7.868195317702331,-2.2010445965399286,-9.174151169278085,6.300279337624616,-4.771341055067043,4.1157354432148905,-4.242654938855616,2.078476293743087,-0.5262953125528949,-5.111650207857626,10.066829611698093,3.7866232189116023,11.500773130324315,7.832801723049009,1.0805155540660707,7.030397505678318,-8.450167986621283,-6.2077496240070555,-8.992808693249575,-3.7911895409586727
-0.8919850480841263,9.118642065721534,3.741094787904973,0.6428560582017422,-7.068747581928304,-5.958459481351487,-8.965876877013544,8.83467784574605,0.5711245448126168,4.1493626080748545,-10.84070355849707,9.761828925864855,7.535740206105736,-6.17397958011553,-8.967714512485122,-6.132961656134829,-3.478416589075736,0.8994233876064549,-0.12531743533553108,-5.24647087568821
1.6404288358358596,-5.112183447826732,-4.6827379632810215,-2.6403561207860298,-1.5510859116656168,5.926790063780533,-7.748746049468081,-0.26135303054448866,0.7561701768922826,-8.935653397707755,3.145344413537674,-5.943511339139619,-11.070627501153302,11.019780397994547,9.607920602112056,5.391447821836221,-3.750596697541646,-7.870367897369629,3.0178118132915737,-0.9990334578658976
-0.4351149533027767,8.094901536611898,2.1095913134817716,1.6871654620606211,-5.7786675561526994,-4.921762139055353,-10.067877351088427,7.820222138735225,1.5569897780841222,4.055503201616773,-6.943966767066916,7.895226714844733,6.902592477503009,-5.285524614669043,-5.2777143309186405,-6.233926649460428,-3.607104601305143,0.10348006522296616,-1.0919726859125778,-4.518609471536572
-8.058374254574789,1.1007062294732572,-10.119820917793929,7.962935536338703,-5.869236681902732,5.0343682822814095,-2.084286020793765,-0.48250847158451304,1.081503587254677,-6.983404937253506,10.00663719432255,6.01233954446462,9.601684402897048,8.228465456260862,4.89340578261017,7.409560935451596,-9.940753313398124,-6.473432952318557,-10.663442487349506,-4.985855654740705
-5.92202365840157,-1.5278166448290234,-10.597828691748404,6.5705615706088105,-4.451752181519606,3.416938814194765,-2.2230421109320044,0.6448355006929865,0.5300484273862902,-6.301116016611352,9.50939997375213,3.830895193894124,11.500310475618676,8.416418026654886,2.1680078842442914,9.052648684740916,-7.520738978375005,-6.220896237119527,-9.72669535802994,-2.8939426984130088
1.735273701636058,-8.582588334843264,-3.8341325256779686,-2.7337671059815496,-0.3783598462227107,5.169918921421106,-4.785703058019758,-0.5920850129396122,3.5603316612587426,-10.818628255428306,2.5856671025856577,-6.114086843727547,-9.494525208235292,9.402104682927678,10.592159331251345,3.951128122975157,-3.404979809041772,-10.5398285402024,2.718995726719929,0.43221623969297207
-8.93164504066573,-0.4020942401813919,-8.264025610020356,7.348231559244111,-5.424739027006149,3.843985119372831,-3.762718361473208,0.985983376042957,1.172035127623929,-5.823285569937886,8.959391369481631,5.734387409252683,7.862605825587849,9.184980631056364,1.3237248594043887,9.566332188011724,-8.463756919944474,-5.8783437408597745,-9.590418772679941,-4.509388815902742
1.5584148331534866,-7.528360314701783,-4.938263407426751,-2.9325632748936785,0.7199377964370608,6.505647686478392,-5.144300844945828,-1.131538287520413,0.6971376406879806,-11.910070405085472,1.3415162169460124,-5.632814339868512,-8.182021624546039,8.756197482114542,9.290340377773134,5.479061419753815,-3.7029657341308027,-7.280679440391707,2.068773742832665,-0.8973024373706249
-6.421854205475509,0.3030075748275888,-9.001756823514881,7.059144249021496,-5.981341765229133,3.572950347369545,-5.129884472030139,-0.13051732673311234,1.4351229159514505,-7.285235161766234,10.997048517652978,6.726592811460181,7.218558832945482,6.964175765370988,-0.3277776682732476,7.654893337914202,-7.46376148238921,-6.494237693891953,-8.634656978173272,-5.015727703016457
-3.1219863135371364,8.626584568262338,4.9257442269530065,2.307626473927757,-6.22108291847844,-4.869905054509597,-9.015274984130059,6.52522567096025,0.6429810068496484,3.43052151597899,-9.621437086957748,11.192754906757674,6.131241516972264,-5.529429834795579,-6.37992355193074,-5.1435165294832395,-1.3882227149356239,-0.03574014027556338,-1.8505390696759072,-3.131256318970089
-8.010538167448088,-1.1143732882517554,-10.134395184385038,6.8988027579225815,-5.724848829377688,4.669901367877479,-4.6812555073020725,0.5278196426169063,0.4313368331946371,-5.12404495245252,10.702854851894788,6.366726449361238,9.096113384386538,7.665487471712076,0.7661248720304525,10.381013581584533,-8.989822976714162,-5.416696404584254,-8.035888649165843,-4.048673881640042
-8.30986212508118,-0.39601120897378844,-9.310045986858595,6.8113228084085575,-5.286933334313041,3.6381255661124867,-5.043215082057123,1.557942075150456,2.203818849465436,-7.548061465449544,10.749312188341312,5.359074878510157,9.208493390440838,7.399895956424729,2.881044403448464,8.843578719311003,-9.044303215559212,-7.2455447515823845,-10.555756656998462,-3.305451608301956
-6.687679336816282,0.23070875510319394,-10.433363590453554,9.566546980444157,-2.787189728281304,3.3975225145256145,-3.255243099760544,0.6030990783522602,1.464574775864392,-6.422469646115855,9.357128315447369,6.408374067719657,11.135602993180223,6.496475774151237,1.8541870918187355,7.257024215230253,-6.638125060385526,-6.668080720936994,-10.538655015575033,-2.8552063858861394
-3.4988257596230876,9.955057316186537,3.657391442689792,1.7485365339437073,-6.329575092126718,-7.8484540481395815,-8.732952250490051,5.9894974205804985,1.420932590912962,4.481233490063445,-11.18130384761562,9.838671781200285,6.629215017081754,-5.200727832017329,-6.139586521793326,-4.96776937295748,-3.7899306381613385,0.06572309151950428,-1.2388021241254015,-3.6321191670027733
3.414242857631929,-7.073376139559932,-6.461318965239604,-3.0337723573787354,1.824427248745803,5.4728575612205645,-4.903306784779147,1.7266311702248334,2.067255293096825,-9.912813377468197,-0.284415293754122,-5.905354317645215,-9.513724143117958,9.153861196954358,8.062820321901823,5.9027094218590195,-3.8740055616315336,-7.777964138828024,2.569838342890723,-3.917644662077002e-05
-6.613923531868558,-0.6490311438934487,-11.185235408626253,10.230889598775587,-5.821628655438438,2.191408565067543,-2.662058464489184,0.016871302514698316,0.8708157348307822,-5.820120765429141,10.475275658401168,5.169195774040519,10.309930837198081,5.76074715981817,2.7177868131747793,7.5979571424446775,-6.857878642353619,-5.93829827278655,-9.768359553798641,-2.8305522917130803
-2.2493148288043265,9.796108999975631,3.4029281253500194,0.6527130708564557,-6.357685625534373,-6.583124920042761,-8.587834906290134,7.669971124995679,1.342275513285685,4.3937052530819125,-9.29523764078527,8.683845625213518,8.514627327153192,-5.279384865522689,-7.554804153060636,-5.675356194297494,-4.889836811036567,1.2822132363872094,-0.2025040481502811,-4.996099514390872
3.855845534108458,-6.79429615750382,-5.374003739635804,-1.3093866205878262,-1.483756551265278,6.613937727545843,-4.4327901402776995,0.7413767790026318,0.3521325640762001,-9.989203912109836,3.473641504913902,-6.758640211896986,-8.619394605352245,9.736535161230275,10.008963523571511,6.446746774714682,-4.116392987753053,-8.35922616560468,4.542559355534481,-0.6433805941401798
-7.776062353326567,-0.389219716547051,-8.81032934399496,8.15759143998702,-4.50942849644433,3.4654285045341884,-2.6423511911160187,1.0783545209312706,1.1270674300157837,-4.784488858837279,9.811961084347734,6.80761915601271,9.39692143967042,6.054627929621432,3.262834339541032,8.572660941805005,-8.282104729862388,-5.7989944041275185,-9.440437383746307,-3.2663645243457675
-8.264345823270384,-1.4460670534865243,-9.292234091489213,7.786581307289116,-1.4470174489170158,3.9269531635196153,-4.175119053430405,-0.6547511456308703,-0.9460828237031917,-7.328129975226892,9.506634327050303,6.9299851188170605,9.911667973671701,8.125641840199355,1.6348319105192177,8.706297056874488,-8.748787956446186,-4.36197875585322,-9.28464440306432,-3.5797312429814396
2.1561405567849015,-10.380548522837218,-3.946506189997995,-3.1612392142365255,0.7140696826236035,5.722863298672027,-7.195487776367767,0.23480861414411486,0.8021702921783456,-8.597584329887578,2.4418444023682517,-5.631677895145902,-9.489849931988974,9.011718841294813,7.947618866064552,6.869441744253936,-3.3888534360924645,-7.550752698844751,3.6862795616000787,-0.7821772344191822
1.6288313870028306,-6.847007159214639,-3.8459970381524418,-4.562412426222319,1.1366747948013596,6.99416368878282,-6.403719672978793,-0.8175809721836229,2.1958529910444016,-8.98429404618565,2.506565986591996,-6.39794013006008,-8.192727150988484,10.425016444458473,9.880743866619833,5.11829146341928,-2.5451617638201345,-6.405943156384034,6.836717264755222,-2.320444158447571
-6.206872757178273,-2.4613171705661085,-7.260156266273697,6.480448946684907,-5.451493192771958,3.2095281518845713,-3.912259148939942,1.407771463582771,-0.1236310317446414,-6.042144072006396,8.813480457071417,5.7977974465597075,8.725206571485906,7.989482661235953,1.4080747437573566,7.927420750366252,-7.942877444934183,-5.136627245861051,-9.693733555987087,-4.362160929307622
-3.4446363250973455,10.100268244373353,4.103915391114054,2.781227482221877,-6.5123398777499295,-5.0419259164808246,-9.061793739007863,6.974206119380506,2.002880628976443,3.8582717730866336,-8.7883682121419,7.781886434803298,5.595170396862081,-6.82102070801367,-5.413193063884412,-4.621296430349398,-4.019604359346717,0.3263069094547466,-1.2910474640445038,-3.0135388934309706
-3.515215004552452,7.80009751541059,5.797989709728169,2.7648323779036676,-6.255507374099115,-6.251764084011667,-8.850574529482925,6.4262685440128715,2.098104793057902,3.484289844408797,-8.6131903806662,9.251139661737747,5.823355619215924,-6.074603628087471,-5.950569201582363,-6.895634355735298,-4.737375536375677,0.7388158441366696,-1.1161330560489624,-4.682360371410291
-7.5119365599756955,0.5982073263439883,-9.748744440961175,9.258088415466233,-4.529175609654419,2.571000702161891,-3.7778025071249686,0.16180456461911674,1.4233839375033868,-7.482687638863967,9.362340853175478,5.897963719871622,8.823002138476816,9.24348825294197,2.732022350292755,8.430003903721587,-8.013460861463937,-5.784677200135096,-8.692154617622416,-5.319051380399321
-9.339860976011913,1.4062725285309918,-8.536001072971526,7.70247459662441,-3.5872195677106524,2.9959696104342988,-4.223803661226337,0.8766953489837075,-0.12914891296472564,-5.281286125089511,8.33570274336433,4.452601677399105,7.880289042875448,8.656047046069098,1.3412242147019948,7.089488916095166,-8.835829958897408,-6.1123851222975825,-10.276426705453625,-4.645074493769056
-2.6944852819304583,8.884465428464896,4.683690308207211,1.8261676823122435,-5.91574807435636,-4.669586591684595,-9.395819541643844,5.953719935919626,1.934018186512921,6.741160893575227,-10.391984682053682,11.037313848683954,8.326553630084877,-6.306806028142471,-5.794517576672712,-4.703513179802785,-4.2942828817967325,0.29154827254239546,-1.942780541106329,-5.190173926732028
-8.151111369447516,1.1778104609597737,-9.425817691316682,7.803824198853209,-5.749326183718935,3.5192214762282816,-3.5786713780866886,0.7897850372337227,-0.0930463006395359,-7.904092088301032,10.017283857797732,6.987298329098799,7.763625208893886,9.485988292114673,2.2419106349580833,8.430421795911505,-8.627698655507388,-7.464860771042092,-8.10772570586464,-4.268999746172316
1.380709376166386,-7.821756523653722,-3.038474695141425,-2.6597197597492137,-1.0578513410161923,5.593513729159222,-4.714464022506283,-0.4644829583310093,3.1637996681809537,-8.860495446678541,1.9904776560534188,-4.088617028319888,-9.754607630093005,8.624024985499661,8.080209422327187,7.120408932865391,-2.2185356828809075,-6.376634938467683,4.908609283389142,-1.3945705930039387
-2.4867317302407037,9.561405243373532,3.4590660209192565,3.087491378609604,-6.1642458757100265,-6.161923867568012,-8.399852017826284,7.343139573192693,2.6951614708309957,4.753265689662287,-9.942350825024976,8.824595270342986,6.750709111270423,-4.204197634939289,-7.602607731511888,-7.7994350686837635,-3.750394299572729,0.5460163345007754,-1.187757962787277,-3.931463998130661
-7.089221641857762,0.006920198437498831,-10.29867007679488,8.703233307400094,-2.668050736270363,2.8697510632845478,-4.141762057563646,-0.15972870742478107,0.44479135237117257,-9.048210443161842,9.796727941146885,4.657104290867677,7.179715712491983,8.649736958285525,0.8759817911797663,8.098815646578577,-6.76370756777303,-7.489558549641609,-10.628052456387001,-3.2240871951723746
-9.549181572925548,0.23591503574501338,-9.688652132283828,8.502475911305593,-4.24051734571566,4.534550382258538,-5.273004298595719,-0.1553574743009467,1.3629668457463568,-5.532447293802232,11.585142105579557,6.458360438336158,8.733190235397506,7.006111255610314,1.3937097235026832,7.844781877505229,-7.574916330447849,-5.823345306031265,-10.419103792631418,-3.9292948538251458
-6.125058266584097,-1.8358870420068745,-10.112452313095536,7.633715087792146,-5.206031463412873,3.990571351184885,-3.939322895773168,0.8171631492766614,0.30843254313381663,-6.072986544071521,10.169490186168886,4.770356917485203,9.571336951090297,7.948919777280544,3.003459816703955,8.23606480038536,-7.848905303799511,-6.120948983295626,-9.191666483829819,-3.234462956509023
-6.2170551718595695,-2.0305495432341734,-9.28914891874521,8.811311636229686,-4.630951793007865,4.5603108565131745,-3.8401238079703046,0.2168089813702711,1.5265351338789364,-6.203597074538109,9.001283817010702,6.01880050680867,8.137450538067137,7.285369856533648,1.4300055544560888,9.790553860628743,-11.451166314947322,-5.684743916854154,-9.061182407589017,-5.174263843972833
-3.159840192174577,8.527160744433626,4.047484911989232,1.1091789142609159,-6.831105563206443,-7.711059709686984,-8.567870930856172,7.273284806049566,1.7833521879977658,3.2538878938793108,-10.165081444652284,10.153588269065642,7.149770003632817,-6.730773031233028,-6.264168350428762,-5.580522679559534,-5.584560421930617,1.0384888250246922,-2.0237233861035318,-3.604818527446002
3.548225392250214,-7.434441757837267,-3.2975221569520805,-2.592961650067433,0.2609552203661887,5.316157263307462,-7.105144782010618,1.7051930555432957,1.7348107313587087,-8.849433271975835,3.3856489520735615,-7.621472768348605,-8.103477242655153,8.387815988603775,9.180471305846815,6.24022592771351,-5.4079464779795225,-8.825394762692756,5.035733422656277,-0.31075893662317744
-7.926439237316171,0.1911021073927318,-10.476280210101457,7.828417607162307,-5.684013881878116,2.359876876488626,-5.875616718837422,1.740687013036216,0.24766683371182407,-5.139534834325909,10.460484876685465,4.216656760705797,7.701567595610937,10.45704996790866,3.708925518148846,8.405966187134231,-7.972776852544261,-6.711189154564284,-8.6631015075889,-4.2105752854571845
1.0292985019042376,-6.401009996227784,-5.006827950773333,-3.1557470601990065,-0.3479171926492327,5.040083070640785,-5.96894949749694,-0.030002060515859907,1.9776593839446683,-11.451730851123543,0.3212152228206835,-5.973550520207332,-7.661786734645359,8.067224041535145,9.068612309320052,6.462666215231523,-3.214507014873883,-10.07423499154317,2.79862028326476,-1.5295295050578481
1.2453612310072795,-7.843003061843955,-3.967778722003263,-2.375518860746042,-2.06783278073641,6.7575049990431495,-5.434518078532333,-0.4200396673386513,0.31070658079167446,-9.215896324681477,1.7049533241676063,-6.476377069201147,-9.062084801449977,6.970253884321656,8.92429372319003,5.8623278512609085,-3.274063591758528,-8.744757394483372,5.363335203615703,-3.1085906758597304
-7.9830688413109065,-0.8620729548047841,-8.578123241888383,6.64870023304564,-4.259624103685511,3.9349318206326362,-4.645422153763021,-0.4189680375762511,0.7111799055991908,-6.020874679027238,9.238837563476947,5.936218927414171,10.552958483821183,7.388830239403261,0.24281960551828186,9.263408283492987,-6.54683538303408,-5.687574388565971,-10.183202897142907,-3.617285747969914
-2.417445138604377,9.266526524624998,4.523649793106143,2.1878828671112585,-5.301509133589086,-5.894659907660728,-7.9691731641391135,6.867983389474833,1.1330594066358515,5.116752114158662,-8.712263321554158,10.870867718990867,6.044872190039206,-5.982766441794824,-8.002984818383421,-6.724380908992196,-2.918584630229798,0.028633253416559312,-0.7206198319568614,-4.365920302036972
2.3083116443584824,-8.50363041216326,-4.852801906492701,-3.590890117542741,0.360983690782281,5.307289549758513,-4.938145023138789,0.8888096578607505,4.151930129345638,-10.55043596873977,3.4101302778155653,-5.443076655853442,-9.672346978321444,9.984844081539826,9.648785624517416,5.940470702375814,-4.731660103504586,-8.765667171321507,5.7344726260290635,-1.1962673062504905
-2.3405429510860225,9.45622677776773,3.5494797587852553,3.384102063687002,-6.978215323435532,-6.861259970331099,-8.130113333379454,7.556739046762205,2.975436868777421,4.448575721122733,-10.200747488724389,9.759700568445988,5.505126608687774,-5.644658080657954,-6.396730646502449,-6.540026660203863,-4.043692652248176,-1.3867204128528818,-1.9098245348986467,-4.082572294898046
1.9743983741314222,-7.546509732370299,-3.1968022330141665,-2.210279510059312,-2.0579694372918977,5.87577361427131,-5.334993185103753,1.8127201276600653,2.735795344654909,-8.310145091288568,2.21098303264393,-6.201205520830721,-7.449463239588251,7.644933347587017,8.963201334274231,5.395378213572981,-3.5285714978064626,-6.816335544221534,3.0876862435220636,-3.587254492677411
-3.1384610167455387,10.548013838114821,4.104077373175803,0.26581172634778527,-7.996151631099929,-5.644297973269008,-8.994225934572677,6.775235619008102,2.1823184607169632,4.663234292088454,-8.470911298181491,10.846696273132812,6.28908417021935,-7.079265472516515,-6.776965816981264,-6.071629296348437,-4.878914067019856,-0.46202228225028563,-1.0173117456077998,-4.224069547609613
-6.091384858107114,-0.12672485537158204,-6.71340667762105,6.462346230707607,-4.130576914140559,4.416974023300644,-2.874434576606534,0.19700469691056793,0.6437641048544436,-5.858765718402202,10.207447041943242,6.105129903504654,9.830036722077171,6.8776770514862395,1.7302285970980678,7.497468768338581,-8.616262735047751,-5.06512185980279,-8.987470301064011,-0.886534221584943
-2.7549406871386943,8.741562558450651,1.9429921932865297,1.9188748174229198,-7.110561721359948,-6.183903228462528,-6.989371661690665,8.45008794504646,1.753411544309345,3.0549256471792385,-7.014950310834091,9.457415477254374,6.662782107921382,-5.77734287354448,-6.165415895090133,-6.476270214855266,-4.488817147689482,-0.05173030859563488,-1.3938528973736837,-4.718841967172926
-7.124023774814821,-0.8379600476873212,-9.655986097205743,8.307869105775188,-5.323851560884875,3.9195308973471645,-1.8967119745335197,-0.3529377090509265,-0.7309197094384514,-8.30465105696572,9.24122441379619,4.839491877096108,8.997839332350864,8.029144680579076,0.35478272960760626,6.6226008709809285,-7.934216718615515,-5.944913916897138,-9.52127222015579,-5.150536969867018
-6.860282231387003,-0.7254996589782072,-9.429884509297796,8.201435791862739,-6.74174925400996,1.7793192817061223,-3.429500588964218,-0.33566893759648087,1.9909304981460114,-5.336103785238914,10.110861221646608,7.322428254534889,8.7068895035406,8.545428934456814,1.3735985996256712,10.889854613331059,-6.24651630652559,-6.0684623170993035,-8.708867991884047,-2.134095785369907
2.174409672325768,-6.968882538552434,-4.072601883602775,-1.8747685845139297,0.04490830038808813,4.652895906032471,-5.137751856242034,-0.9016476588376219,2.436147265378585,-8.451252960897177,0.23958014636626235,-6.49653827972476,-9.167464253654725,8.218945487131291,10.663492992190193,5.514267821691803,-4.714101545650637,-7.970862779867228,4.370250276541554,-1.3385987112181
-7.443638564424515,-0.12622828611099804,-8.990645037322876,8.302916094051513,-4.4447006905825495,2.9389784921804387,-3.7071695608399877,-0.8264681425007758,0.6142983088626792,-4.912077341312815,9.710500894919427,5.4817354298392145,10.68610210753813,6.535712030251896,0.8485440207754826,10.150196111738607,-8.184189022912676,-6.32292578790689,-10.294658546884882,-3.045697118339701
-2.6704833347187593,9.41833698501286,6.526064737438632,2.147747496772571,-6.6220768004285055,-6.954555509042114,-10.757098971935052,7.2970090400494865,2.082530444805202,6.624693668406195,-9.780671078865074,9.6997443855735,6.614141046303192,-6.921895824054009,-5.220677841342967,-5.579976770244549,-3.1241231937661986,-0.41425882214998166,0.04169468377841401,-5.577268258831442
-1.5131499372469337,8.25749103962886,3.2180681694862576,3.4745033358962187,-7.202307029993406,-7.130942609730994,-7.510133614786953,7.879752924899363,2.4781880069457833,6.326453900821993,-10.231828344464095,10.326037171321124,6.70586594090552,-5.48462550757122,-4.835032229445456,-5.8240740466417,-3.3768590617596126,1.5676359699545594,-1.7260523567005706,-5.014626863378168
-2.342745414839694,9.506737392206471,4.929047480135919,4.428469823851627,-7.517367175402586,-7.411106548277765,-9.461468283060775,6.768045796338448,1.384913107557658,5.35046808702846,-8.167805866094096,8.82745074949041,5.816497242904207,-5.281802230048073,-6.915723700138959,-5.698977985175813,-3.712232119957946,-1.0206154823524747,0.18640557417237646,-2.37953952294364
-8.677758787316055,0.5463936961883513,-10.663519980394067,7.886279254747443,-5.828738194293568,3.377270372214602,-4.132120155349538,0.5781225268064801,0.9565561418319586,-7.289569917213569,10.018569618820194,5.453890815379176,7.801449823417882,10.137473564758768,2.434429742938827,8.284224147063028,-6.814945432259786,-4.238527142230488,-9.240803644103124,-3.145995898299951
-3.272456779595267,7.209404027533802,3.0123363983449387,2.021254630602114,-6.619904689429788,-7.784426218380355,-8.199735297858636,5.662002853229743,1.9562204362168591,2.950435356158452,-10.24014622188611,9.4455957145563,5.788439450724483,-6.137773330664302,-5.357207846643547,-6.908801672454472,-3.0794630287441036,-0.6345782220128608,-0.8312954492424024,-2.733848575381261
